分享文件上一级目录名称,分享名,分享地址,提取码,分享时间,浏览次数,分享状态
/【0】等待分享,【创客学院】物联网开发+嵌入式开发 - 带源码课件,"我用夸克网盘分享了「【创客学院】物联网开发+嵌入式开发 - 带源码课件」，点击链接即可保存。打开「夸克APP」，无需下载在线播放视频，畅享原画5倍速，支持电视投屏。
链接：https://pan.quark.cn/s/b061a32b530a",,2024-01-31 21:16,0,永久有效
/【0】等待分享,【百战程序员】AI算法工程师就业班 - 带源码课件,"我用夸克网盘分享了「【百战程序员】AI算法工程师就业班 - 带源码课件」，点击链接即可保存。打开「夸克APP」，无需下载在线播放视频，畅享原画5倍速，支持电视投屏。
链接：https://pan.quark.cn/s/8826977731f3",,2024-01-31 21:16,0,永久有效
/【0】等待分享,若依框架系列视频教程 - 前端不分离版本 - 带源码课件,"我用夸克网盘分享了「若依框架系列视频教程 - 前端不分离版本 - 带源码课件」，点击链接即可保存。打开「夸克APP」，无需下载在线播放视频，畅享原画5倍速，支持电视投屏。
链接：https://pan.quark.cn/s/c2e249323c04",,2024-01-31 21:16,0,永久有效
/【0】等待分享,若依框架系列视频教程 - 前后端分离版本 - 带源码课件,"我用夸克网盘分享了「若依框架系列视频教程 - 前后端分离版本 - 带源码课件」，点击链接即可保存。打开「夸克APP」，无需下载在线播放视频，畅享原画5倍速，支持电视投屏。
链接：https://pan.quark.cn/s/eb81caa1de06",,2024-01-31 21:16,2,永久有效
/【0】等待分享,【QQ-228772】米你课堂 摄影后期第16期2020年【VIP】 - 带源码课件,"我用夸克网盘分享了「【QQ-228772】米你课堂 摄影后期第16期2020年【VIP】 - 带源码课件」，点击链接即可保存。打开「夸克APP」，无需下载在线播放视频，畅享原画5倍速，支持电视投屏。
链接：https://pan.quark.cn/s/142c150a21cf",,2024-01-30 15:38,371,永久有效
/【0】等待分享,【开课吧】数字化就业班 - Web企业项目实战 - 带源码课件,"我用夸克网盘分享了「【开课吧】数字化就业班 - Web企业项目实战 - 带源码课件」，点击链接即可保存。打开「夸克APP」，无需下载在线播放视频，畅享原画5倍速，支持电视投屏。
链接：https://pan.quark.cn/s/df98ef86208e",,2024-01-29 23:17,368,永久有效
../Android - 设计剪辑,【Photo Lab PRO Picture Editor】,"我用夸克网盘分享了「【Photo Lab PRO Picture Editor】」，点击链接即可保存。打开「夸克APP」，无需下载在线播放视频，畅享原画5倍速，支持电视投屏。
链接：https://pan.quark.cn/s/f290de386b38",,2024-01-29 22:35,191,永久有效
/【0】等待分享,【51CTO-6094】ArcGIS10.1入门实战视频教程（GIS思维）-带源码课件,"我用夸克网盘分享了「【51CTO-6094】ArcGIS10.1入门实战视频教程（GIS思维）-带源码课件」，点击链接即可保存。打开「夸克APP」，无需下载在线播放视频，畅享原画5倍速，支持电视投屏。
链接：https://pan.quark.cn/s/1f950cd58cf2",,2024-01-29 22:10,217,永久有效
/【0】等待分享,【尚硅谷】Vue全家桶 - 带源码课件,"我用夸克网盘分享了「【尚硅谷】Vue全家桶 - 带源码课件」，点击链接即可保存。打开「夸克APP」，无需下载在线播放视频，畅享原画5倍速，支持电视投屏。
链接：https://pan.quark.cn/s/58492c45a858",,2024-01-28 23:55,236,永久有效
/【0】等待分享,【深度之眼】Python基础+数据科学入门,"我用夸克网盘分享了「【深度之眼】Python基础+数据科学入门」，点击链接即可保存。打开「夸克APP」，无需下载在线播放视频，畅享原画5倍速，支持电视投屏。
链接：https://pan.quark.cn/s/74d1758b2de2",,2024-01-28 21:50,395,永久有效
/【0】等待分享,若依框架系列视频教程 - 微服务版本,"我用夸克网盘分享了「若依框架系列视频教程 - 微服务版本」，点击链接即可保存。打开「夸克APP」，无需下载在线播放视频，畅享原画5倍速，支持电视投屏。
链接：https://pan.quark.cn/s/d54cb1e91570",,2024-01-28 15:21,247,永久有效
../Android - 办公软件,【OfficeSuite】,"我用夸克网盘分享了「【OfficeSuite】」，点击链接即可保存。打开「夸克APP」，无需下载在线播放视频，畅享原画5倍速，支持电视投屏。
链接：https://pan.quark.cn/s/e8855b4fac35",,2024-01-28 05:29,143,永久有效
/【0】等待分享,花爷的自媒体IP训练营(12期),"我用夸克网盘分享了「花爷的自媒体IP训练营(12期)」，点击链接即可保存。打开「夸克APP」，无需下载在线播放视频，畅享原画5倍速，支持电视投屏。
链接：https://pan.quark.cn/s/5d6a0eb0944c",,2024-01-28 01:45,503,永久有效
/【0】等待分享,【马士兵教育】严选商城,"我用夸克网盘分享了「【马士兵教育】严选商城」，点击链接即可保存。打开「夸克APP」，无需下载在线播放视频，畅享原画5倍速，支持电视投屏。
链接：https://pan.quark.cn/s/eea432e36575",,2024-01-27 20:31,292,永久有效
/【0】等待分享,【学得起课堂】22年最新淘系店群暴力低成本起店玩法VIP - 带源码课件,"我用夸克网盘分享了「【学得起课堂】22年最新淘系店群暴力低成本起店玩法VIP - 带源码课件」，点击链接即可保存。打开「夸克APP」，无需下载在线播放视频，畅享原画5倍速，支持电视投屏。
链接：https://pan.quark.cn/s/8587c6a71d39",,2024-01-27 17:49,176,永久有效
/【0】等待分享,【高途】褚帅图解新概念-起点班 - 带源码课件,"我用夸克网盘分享了「【高途】褚帅图解新概念-起点班 - 带源码课件」，点击链接即可保存。打开「夸克APP」，无需下载在线播放视频，畅享原画5倍速，支持电视投屏。
链接：https://pan.quark.cn/s/4d3d45f45955",,2024-01-24 21:44,299,永久有效
/【0】等待分享,【51CTO-19141】Java代码审计 - 带源码课件,"我用夸克网盘分享了「【51CTO-19141】Java代码审计 - 带源码课件」，点击链接即可保存。打开「夸克APP」，无需下载在线播放视频，畅享原画5倍速，支持电视投屏。
链接：https://pan.quark.cn/s/28f18ff57afa",,2024-01-24 16:00,536,永久有效
/【0】等待分享,【尚硅谷】在线支付开发 - 带源码课件,"我用夸克网盘分享了「【尚硅谷】在线支付开发 - 带源码课件」，点击链接即可保存。打开「夸克APP」，无需下载在线播放视频，畅享原画5倍速，支持电视投屏。
链接：https://pan.quark.cn/s/a2afd51e7a7d",,2024-01-24 03:04,269,永久有效
../Android - 设计剪辑,【PowerDirector】,"我用夸克网盘分享了「【PowerDirector】」，点击链接即可保存。打开「夸克APP」，无需下载在线播放视频，畅享原画5倍速，支持电视投屏。
链接：https://pan.quark.cn/s/fd915ec99db2",,2024-01-23 22:39,342,永久有效
../Android - 系统相关,【Photomath】,"我用夸克网盘分享了「【Photomath】」，点击链接即可保存。打开「夸克APP」，无需下载在线播放视频，畅享原画5倍速，支持电视投屏。
链接：https://pan.quark.cn/s/8f323dbb68b4",,2024-01-23 20:07,191,永久有效
/【0】等待分享,B站-闫帅奇女性马甲线打造减脂瘦肚子方案,"我用夸克网盘分享了「B站-闫帅奇女性马甲线打造减脂瘦肚子方案」，点击链接即可保存。打开「夸克APP」，无需下载在线播放视频，畅享原画5倍速，支持电视投屏。
链接：https://pan.quark.cn/s/241b91acf85a",,2024-01-23 17:49,435,永久有效
/【0】等待分享,B站-闫帅奇：男性腹肌打造瘦肚子全方案,"我用夸克网盘分享了「B站-闫帅奇：男性腹肌打造瘦肚子全方案」，点击链接即可保存。打开「夸克APP」，无需下载在线播放视频，畅享原画5倍速，支持电视投屏。
链接：https://pan.quark.cn/s/7cbb09f0369c",,2024-01-23 17:03,629,永久有效
../Windows - 设计剪辑,【Photoshop】,"我用夸克网盘分享了「【Photoshop】」，点击链接即可保存。打开「夸克APP」，无需下载在线播放视频，畅享原画5倍速，支持电视投屏。
链接：https://pan.quark.cn/s/5df9ed5247b7",,2024-01-19 00:32,808,永久有效
/【0】等待分享,【尚硅谷】Linux教程（2024版） - 带源码课件,"我用夸克网盘分享了「【尚硅谷】Linux教程（2024版） - 带源码课件」，点击链接即可保存。打开「夸克APP」，无需下载在线播放视频，畅享原画5倍速，支持电视投屏。
链接：https://pan.quark.cn/s/6895eb20fa61",,2024-01-18 14:51,591,永久有效
/【0】等待分享,王红元 - 前端体系课-2614集 - 带源码课件,"我用夸克网盘分享了「王红元 - 前端体系课-2614集 - 带源码课件」，点击链接即可保存。打开「夸克APP」，无需下载在线播放视频，畅享原画5倍速，支持电视投屏。
链接：https://pan.quark.cn/s/7090d82a1382",,2024-01-17 16:29,517,永久有效
/【0】等待分享,【imooc-270】Java设计模式精讲-Debug方式+内存分析 - 带源码课件,"我用夸克网盘分享了「【imooc-270】Java设计模式精讲-Debug方式+内存分析 - 带源码课件」，点击链接即可保存。打开「夸克APP」，无需下载在线播放视频，畅享原画5倍速，支持电视投屏。
链接：https://pan.quark.cn/s/475be9f50716",,2024-01-17 15:47,342,永久有效
/【0】等待分享,【幂次学院】数据结构与算法实战刷题特训营 - 带源码课件,"我用夸克网盘分享了「【幂次学院】数据结构与算法实战刷题特训营 - 带源码课件」，点击链接即可保存。打开「夸克APP」，无需下载在线播放视频，畅享原画5倍速，支持电视投屏。
链接：https://pan.quark.cn/s/6d985f027a7e",,2024-01-17 01:47,599,永久有效
/,【Videoleap】,"我用夸克网盘分享了「【Videoleap】」，点击链接即可保存。打开「夸克APP」，无需下载在线播放视频，畅享原画5倍速，支持电视投屏。
链接：https://pan.quark.cn/s/79abd70d7f6d",,2024-01-16 17:41,679,永久有效
/,【云盘急下】,"我用夸克网盘分享了「【云盘急下】」，点击链接即可保存。打开「夸克APP」，无需下载在线播放视频，畅享原画5倍速，支持电视投屏。
链接：https://pan.quark.cn/s/41b270ef49ca",,2024-01-16 17:32,572,永久有效
/【0】等待分享,【黑马程序员】Python开发就业课 - 2022 - 带源码课件,"我用夸克网盘分享了「【黑马程序员】Python开发就业课 - 2022 - 带源码课件」，点击链接即可保存。打开「夸克APP」，无需下载在线播放视频，畅享原画5倍速，支持电视投屏。
链接：https://pan.quark.cn/s/356f128d2a51",,2024-01-16 15:13,873,永久有效
/,【PDF-XChange Editor】,"我用夸克网盘分享了「【PDF-XChange Editor】」，点击链接即可保存。打开「夸克APP」，无需下载在线播放视频，畅享原画5倍速，支持电视投屏。
链接：https://pan.quark.cn/s/eec0128ff152",,2024-01-15 16:34,329,永久有效
/,【Total Uninstall Pro】,"我用夸克网盘分享了「【Total Uninstall Pro】」，点击链接即可保存。打开「夸克APP」，无需下载在线播放视频，畅享原画5倍速，支持电视投屏。
链接：https://pan.quark.cn/s/cce2bf2b270f",,2024-01-14 23:09,173,永久有效
/,【VLLO】,"我用夸克网盘分享了「【VLLO】」，点击链接即可保存。打开「夸克APP」，无需下载在线播放视频，畅享原画5倍速，支持电视投屏。
链接：https://pan.quark.cn/s/62348eaa19e4",,2024-01-14 22:01,160,永久有效
/,【VideoConverte】,"我用夸克网盘分享了「【VideoConverte】」，点击链接即可保存。打开「夸克APP」，无需下载在线播放视频，畅享原画5倍速，支持电视投屏。
链接：https://pan.quark.cn/s/84bc89003861",,2024-01-14 21:50,276,永久有效
../Android - 小说阅读,【Adobe Acrobat Reader】,"我用夸克网盘分享了「【Adobe Acrobat Reader】」，点击链接即可保存。打开「夸克APP」，无需下载在线播放视频，畅享原画5倍速，支持电视投屏。
链接：https://pan.quark.cn/s/32350b1f63f6",,2024-01-13 17:22,513,永久有效
../Android - 小说阅读,【FocusReader】,"我用夸克网盘分享了「【FocusReader】」，点击链接即可保存。打开「夸克APP」，无需下载在线播放视频，畅享原画5倍速，支持电视投屏。
链接：https://pan.quark.cn/s/f45729e9ba01",,2024-01-13 16:57,249,永久有效
../Android - 系统相关,【CamScanner】,"我用夸克网盘分享了「【CamScanner】」，点击链接即可保存。打开「夸克APP」，无需下载在线播放视频，畅享原画5倍速，支持电视投屏。
链接：https://pan.quark.cn/s/56a08a6c06de",,2024-01-13 00:32,1031,永久有效
../Windows - 办公软件,【XMind】,"我用夸克网盘分享了「【XMind】」，点击链接即可保存。打开「夸克APP」，无需下载在线播放视频，畅享原画5倍速，支持电视投屏。
链接：https://pan.quark.cn/s/bcef2b5d72ac",,2024-01-12 20:55,528,永久有效
../系统相关,【万兴 PDFelement】,"我用夸克网盘分享了「【万兴 PDFelement】」，点击链接即可保存。打开「夸克APP」，无需下载在线播放视频，畅享原画5倍速，支持电视投屏。
链接：https://pan.quark.cn/s/731b239da19b",,2024-01-12 16:38,502,永久有效
/来自：分享,【黑马程序员】JavaEE就业课 V13.0 - 带源码课件,"我用夸克网盘分享了「【黑马程序员】JavaEE就业课 V13.0 - 带源码课件」，点击链接即可保存。打开「夸克APP」，无需下载在线播放视频，畅享原画5倍速，支持电视投屏。
链接：https://pan.quark.cn/s/77015f185390",,2024-01-09 13:10,1014,永久有效
/【0】等待分享,《Tiktok精选联盟》短视频带货百单实战营教学，快速成为Tiktok带货达人,"我用夸克网盘分享了「《Tiktok精选联盟》短视频带货百单实战营教学，快速成为Tiktok带货达人」，点击链接即可保存。打开「夸克APP」，无需下载在线播放视频，畅享原画5倍速，支持电视投屏。
链接：https://pan.quark.cn/s/2aa35247f4ac",,2024-01-08 17:19,345,永久有效
/【0】等待分享,【咕泡学院】P6ElasticStack高级开发与架构（实战班） - 2期 - 带源码课件,"我用夸克网盘分享了「【咕泡学院】P6ElasticStack高级开发与架构（实战班） - 2期 - 带源码课件」，点击链接即可保存。打开「夸克APP」，无需下载在线播放视频，畅享原画5倍速，支持电视投屏。
链接：https://pan.quark.cn/s/75e758393402",,2024-01-07 15:12,189,永久有效
/【0】等待分享,【尚硅谷】尚硅谷_区块链项目：硅谷投票系统 - 带源码课件,"我用夸克网盘分享了「【尚硅谷】尚硅谷_区块链项目：硅谷投票系统 - 带源码课件」，点击链接即可保存。打开「夸克APP」，无需下载在线播放视频，畅享原画5倍速，支持电视投屏。
链接：https://pan.quark.cn/s/847303aa02f9",,2024-01-05 15:38,245,永久有效
/【0】等待分享,【163课堂-1000075010】微专业 - 极客班·产品经理 - 带源码课件,"我用夸克网盘分享了「【163课堂-1000075010】微专业 - 极客班·产品经理 - 带源码课件」，点击链接即可保存。打开「夸克APP」，无需下载在线播放视频，畅享原画5倍速，支持电视投屏。
链接：https://pan.quark.cn/s/573b3e5269c8",,2024-01-05 15:38,448,永久有效
/【0】等待分享,【千峰教育】React项目全球新闻发布管理系统 - 带源码课件,"我用夸克网盘分享了「【千峰教育】React项目全球新闻发布管理系统 - 带源码课件」，点击链接即可保存。打开「夸克APP」，无需下载在线播放视频，畅享原画5倍速，支持电视投屏。
链接：https://pan.quark.cn/s/854cff25ad3b",,2024-01-05 15:38,246,永久有效
/【0】等待分享,【尚硅谷】JVM精讲与GC调优教程 精华版 - 带源码课件,"我用夸克网盘分享了「【尚硅谷】JVM精讲与GC调优教程 精华版 - 带源码课件」，点击链接即可保存。打开「夸克APP」，无需下载在线播放视频，畅享原画5倍速，支持电视投屏。
链接：https://pan.quark.cn/s/b6718250c47b",,2024-01-05 15:38,181,永久有效
/【0】等待分享,【CSDN-2215】Linux系统编程 - 王利涛 - 带源码课件,"我用夸克网盘分享了「【CSDN-2215】Linux系统编程 - 王利涛 - 带源码课件」，点击链接即可保存。打开「夸克APP」，无需下载在线播放视频，畅享原画5倍速，支持电视投屏。
链接：https://pan.quark.cn/s/e0b5bf7ef90e",,2024-01-05 15:38,370,永久有效
/【0】等待分享,【滴水】逆向破解实战班 第二期 - 带源码课件,"我用夸克网盘分享了「【滴水】逆向破解实战班 第二期 - 带源码课件」，点击链接即可保存。打开「夸克APP」，无需下载在线播放视频，畅享原画5倍速，支持电视投屏。
链接：https://pan.quark.cn/s/95f77cb62932",,2024-01-05 15:38,376,永久有效
/【0】等待分享,【滴水】逆向破解实战班 第一期 - 带源码课件,"我用夸克网盘分享了「【滴水】逆向破解实战班 第一期 - 带源码课件」，点击链接即可保存。打开「夸克APP」，无需下载在线播放视频，畅享原画5倍速，支持电视投屏。
链接：https://pan.quark.cn/s/1afbb573e889",,2024-01-05 15:37,352,永久有效
/【0】等待分享,【大厂学苑】设计模式与框架源码分析 - 2021 - 带源码课件,"我用夸克网盘分享了「【大厂学苑】设计模式与框架源码分析 - 2021 - 带源码课件」，点击链接即可保存。打开「夸克APP」，无需下载在线播放视频，畅享原画5倍速，支持电视投屏。
链接：https://pan.quark.cn/s/17664a93ddea",,2024-01-05 15:37,167,永久有效
/【0】等待分享,【大厂学苑】极致性能Redis实战与原理 - 2021 - 带源码课件,"我用夸克网盘分享了「【大厂学苑】极致性能Redis实战与原理 - 2021 - 带源码课件」，点击链接即可保存。打开「夸克APP」，无需下载在线播放视频，畅享原画5倍速，支持电视投屏。
链接：https://pan.quark.cn/s/5210c4c2735b",,2024-01-05 15:37,179,永久有效
/【0】等待分享,【一周进步】光影大师全能成长课程 - 带源码课件,"我用夸克网盘分享了「【一周进步】光影大师全能成长课程 - 带源码课件」，点击链接即可保存。打开「夸克APP」，无需下载在线播放视频，畅享原画5倍速，支持电视投屏。
链接：https://pan.quark.cn/s/6c47e1274b3e",,2024-01-05 15:37,437,永久有效
/【0】等待分享,【路飞学城】爬虫开发+APP逆向超级大神班-01期 - 带源码课件,"我用夸克网盘分享了「【路飞学城】爬虫开发+APP逆向超级大神班-01期 - 带源码课件」，点击链接即可保存。打开「夸克APP」，无需下载在线播放视频，畅享原画5倍速，支持电视投屏。
链接：https://pan.quark.cn/s/3faeddc196c0",,2024-01-03 23:59,446,永久有效
/【0】等待分享,【路飞学城】爬虫开发+APP逆向超级大神班-02期 - 带源码课件,"我用夸克网盘分享了「【路飞学城】爬虫开发+APP逆向超级大神班-02期 - 带源码课件」，点击链接即可保存。打开「夸克APP」，无需下载在线播放视频，畅享原画5倍速，支持电视投屏。
链接：https://pan.quark.cn/s/0f68a96ed527",,2024-01-03 23:59,367,永久有效
/【0】等待分享,【路飞学城】爬虫开发+APP逆向超级大神班-04期 - 带源码课件,"我用夸克网盘分享了「【路飞学城】爬虫开发+APP逆向超级大神班-04期 - 带源码课件」，点击链接即可保存。打开「夸克APP」，无需下载在线播放视频，畅享原画5倍速，支持电视投屏。
链接：https://pan.quark.cn/s/f515e3939743",,2024-01-03 23:59,486,永久有效
/【0】等待分享,【163课堂-1209487898】uni-app实战仿微信app开发​​​​ - 带源码课件,"我用夸克网盘分享了「【163课堂-1209487898】uni-app实战仿微信app开发​​​​ - 带源码课件」，点击链接即可保存。打开「夸克APP」，无需下载在线播放视频，畅享原画5倍速，支持电视投屏。
链接：https://pan.quark.cn/s/45c139a988db",,2024-01-03 23:58,310,永久有效
/,【0】每天最新资源,"我用夸克网盘分享了「【0】每天最新资源」，点击链接即可保存。打开「夸克APP」，无需下载在线播放视频，畅享原画5倍速，支持电视投屏。
链接：https://pan.quark.cn/s/36d108e18c11",,2024-01-03 16:30,1927,永久有效
/【0】等待分享,【万门大学】Matlab特训班,"我用夸克网盘分享了「【万门大学】Matlab特训班」，点击链接即可保存。打开「夸克APP」，无需下载在线播放视频，畅享原画5倍速，支持电视投屏。
链接：https://pan.quark.cn/s/177b77781ed5",,2024-01-03 16:29,332,永久有效
/【0】等待分享,【优点知识】Kubernetes 网络训练营第2期,"我用夸克网盘分享了「【优点知识】Kubernetes 网络训练营第2期」，点击链接即可保存。打开「夸克APP」，无需下载在线播放视频，畅享原画5倍速，支持电视投屏。
链接：https://pan.quark.cn/s/66ccb7f213a5",,2024-01-03 16:29,363,永久有效
/【0】等待分享,【163课堂-1202857601】微专业 - 大数据开发工程师 - 带源码课件,"我用夸克网盘分享了「【163课堂-1202857601】微专业 - 大数据开发工程师 - 带源码课件」，点击链接即可保存。打开「夸克APP」，无需下载在线播放视频，畅享原画5倍速，支持电视投屏。
链接：https://pan.quark.cn/s/7f30131206b5",,2024-01-03 16:27,583,永久有效
/【0】等待分享,【新阁教育】机器视觉实战应用VIP进阶课程,"我用夸克网盘分享了「【新阁教育】机器视觉实战应用VIP进阶课程」，点击链接即可保存。打开「夸克APP」，无需下载在线播放视频，畅享原画5倍速，支持电视投屏。
链接：https://pan.quark.cn/s/c80a25c1b1f6",,2024-01-02 20:39,496,永久有效
/【0】等待分享,凯子哥-threejs系列教程,"我用夸克网盘分享了「凯子哥-threejs系列教程」，点击链接即可保存。打开「夸克APP」，无需下载在线播放视频，畅享原画5倍速，支持电视投屏。
链接：https://pan.quark.cn/s/b1a368e172fb",,2024-01-02 20:38,260,永久有效
/【9】发不出,【小肩膀】一站式安卓逆向安全2022,"我用夸克网盘分享了「【小肩膀】一站式安卓逆向安全2022」，点击链接即可保存。打开「夸克APP」，无需下载在线播放视频，畅享原画5倍速，支持电视投屏。
链接：https://pan.quark.cn/s/0e8911ad2c1d",,2023-12-20 23:50,427,永久有效
/【0】等待分享,【大厂学苑】设计模式与框架源码分析 - 2021 - 带源码课件,"我用夸克网盘分享了「【大厂学苑】设计模式与框架源码分析 - 2021 - 带源码课件」，点击链接即可保存。打开「夸克APP」，无需下载在线播放视频，畅享原画5倍速，支持电视投屏。
链接：https://pan.quark.cn/s/1b299493b3d1",,2023-12-08 10:46,207,永久有效
/【0】等待分享,【大厂学苑】极致性能Redis实战与原理 - 2021 - 带源码课件,"我用夸克网盘分享了「【大厂学苑】极致性能Redis实战与原理 - 2021 - 带源码课件」，点击链接即可保存。打开「夸克APP」，无需下载在线播放视频，畅享原画5倍速，支持电视投屏。
链接：https://pan.quark.cn/s/1d8671f7cc8e",,2023-12-05 15:13,200,永久有效
/【0】等待分享,【一周进步】光影大师全能成长课程 - 带源码课件,"我用夸克网盘分享了「【一周进步】光影大师全能成长课程 - 带源码课件」，点击链接即可保存。打开「夸克APP」，无需下载在线播放视频，畅享原画5倍速，支持电视投屏。
链接：https://pan.quark.cn/s/8fc0b3c15969",,2023-12-05 08:27,455,永久有效
/【0】等待分享,【9x阅读器】,"我用夸克网盘分享了「【9x阅读器】」，点击链接即可保存。打开「夸克APP」，无需下载在线播放视频，畅享原画5倍速，支持电视投屏。
链接：https://pan.quark.cn/s/ffb9f7ddf6fd",,2023-11-01 15:48,389,永久有效
/【0】等待分享,【我赢职场】MySQL DBA及Linux运维工程师 - 带源码课件,"我用夸克网盘分享了「【我赢职场】MySQL DBA及Linux运维工程师 - 带源码课件」，点击链接即可保存。打开「夸克APP」，无需下载在线播放视频，畅享原画5倍速，支持电视投屏。
链接：https://pan.quark.cn/s/a5570e8e25cc",,2023-10-29 16:13,539,永久有效
/【0】等待分享,【PC 策略模拟】奠基 v1.9.6.3.0915免安装中文版,"我用夸克网盘分享了「【PC 策略模拟】奠基 v1.9.6.3.0915免安装中文版」，点击链接即可保存。打开「夸克APP」，无需下载在线播放视频，畅享原画5倍速，支持电视投屏。
链接：https://pan.quark.cn/s/27af32399b6d",,2023-10-28 11:43,158,永久有效
/,【CapCut】,"我用夸克网盘分享了「【CapCut】」，点击链接即可保存。打开「夸克APP」，无需下载在线播放视频，畅享原画5倍速，支持电视投屏。
链接：https://pan.quark.cn/s/4a5f811727b3",,2023-10-28 10:22,1310,永久有效
/,【MacroDroid】,"我用夸克网盘分享了「【MacroDroid】」，点击链接即可保存。打开「夸克APP」，无需下载在线播放视频，畅享原画5倍速，支持电视投屏。
链接：https://pan.quark.cn/s/20b36f16ce65",,2023-10-27 12:37,270,永久有效
/,【BitTorrent Pro】,"我用夸克网盘分享了「【BitTorrent Pro】」，点击链接即可保存。打开「夸克APP」，无需下载在线播放视频，畅享原画5倍速，支持电视投屏。
链接：https://pan.quark.cn/s/a112852f7379",,2023-10-24 09:08,1489,永久有效
/【0】等待分享,逆向精华资源之天草壳世界,"我用夸克网盘分享了「逆向精华资源之天草壳世界」，点击链接即可保存。打开「夸克APP」，无需下载在线播放视频，畅享原画5倍速，支持电视投屏。
链接：https://pan.quark.cn/s/39583c759d0c",,2023-10-24 08:50,424,永久有效
/【0】等待分享,【CCtalk】静物美食摄影课 - 17期,"我用夸克网盘分享了「【CCtalk】静物美食摄影课 - 17期」，点击链接即可保存。打开「夸克APP」，无需下载在线播放视频，畅享原画5倍速，支持电视投屏。
链接：https://pan.quark.cn/s/4b79ac740fd6",,2023-10-23 21:11,467,永久有效
/【0】等待分享,【开课吧】门徒计划 - 算法课,"我用夸克网盘分享了「【开课吧】门徒计划 - 算法课」，点击链接即可保存。打开「夸克APP」，无需下载在线播放视频，畅享原画5倍速，支持电视投屏。
链接：https://pan.quark.cn/s/b4f5657e7ea9",,2023-10-22 23:11,305,永久有效
/【0】等待分享,【腾讯课堂-2585663】算法与数据结构进阶班,"我用夸克网盘分享了「【腾讯课堂-2585663】算法与数据结构进阶班」，点击链接即可保存。打开「夸克APP」，无需下载在线播放视频，畅享原画5倍速，支持电视投屏。
链接：https://pan.quark.cn/s/ec6c5db4c054",,2023-10-22 21:56,453,永久有效
/【0】等待分享,【腾讯课堂-2145184】算法与数据结构基础班,"我用夸克网盘分享了「【腾讯课堂-2145184】算法与数据结构基础班」，点击链接即可保存。打开「夸克APP」，无需下载在线播放视频，畅享原画5倍速，支持电视投屏。
链接：https://pan.quark.cn/s/76a3d2ca4e21",,2023-10-22 17:02,326,永久有效
/【0】等待分享,【虎课网-ai2021】零基础学习AI(2021-2022)软件,"我用夸克网盘分享了「【虎课网-ai2021】零基础学习AI(2021-2022)软件」，点击链接即可保存。打开「夸克APP」，无需下载在线播放视频，畅享原画5倍速，支持电视投屏。
链接：https://pan.quark.cn/s/a3fa5e12b718",,2023-10-22 16:08,464,永久有效
/【0】等待分享,【尚学堂】前端练手项目实训,"我用夸克网盘分享了「【尚学堂】前端练手项目实训」，点击链接即可保存。打开「夸克APP」，无需下载在线播放视频，畅享原画5倍速，支持电视投屏。
链接：https://pan.quark.cn/s/e61b6cc56615",,2023-10-22 14:44,300,永久有效
/【0】等待分享,【imooc-305】LoadRunner性能测试实战训练营,"我用夸克网盘分享了「【imooc-305】LoadRunner性能测试实战训练营」，点击链接即可保存。打开「夸克APP」，无需下载在线播放视频，畅享原画5倍速，支持电视投屏。
链接：https://pan.quark.cn/s/2816bb605c41",,2023-10-22 13:35,187,永久有效
/【0】等待分享,【开课吧】Web前端高级工程师005期,"我用夸克网盘分享了「【开课吧】Web前端高级工程师005期」，点击链接即可保存。打开「夸克APP」，无需下载在线播放视频，畅享原画5倍速，支持电视投屏。
链接：https://pan.quark.cn/s/c6cda973f3f8",,2023-10-21 22:55,297,永久有效
/【0】等待分享,【鲜知教育学院】（软考）系统集成项目管理工程师 - 2023年05月,"我用夸克网盘分享了「【鲜知教育学院】（软考）系统集成项目管理工程师 - 2023年05月」，点击链接即可保存。打开「夸克APP」，无需下载在线播放视频，畅享原画5倍速，支持电视投屏。
链接：https://pan.quark.cn/s/afffa2daaa59",,2023-10-21 21:14,803,永久有效
/【0】等待分享,【开课吧】算法训练营17期,"我用夸克网盘分享了「【开课吧】算法训练营17期」，点击链接即可保存。打开「夸克APP」，无需下载在线播放视频，畅享原画5倍速，支持电视投屏。
链接：https://pan.quark.cn/s/3a7aaef020cd",,2023-10-21 17:31,330,永久有效
/【0】等待分享,【极客时间-go】Go进阶训练营 - 4期,"我用夸克网盘分享了「【极客时间-go】Go进阶训练营 - 4期」，点击链接即可保存。打开「夸克APP」，无需下载在线播放视频，畅享原画5倍速，支持电视投屏。
链接：https://pan.quark.cn/s/decb5bf959cb",,2023-10-21 16:43,554,永久有效
/【0】等待分享,【腾讯课堂-296155】掌控安全学院-web安全工程师高薪正式班,"我用夸克网盘分享了「【腾讯课堂-296155】掌控安全学院-web安全工程师高薪正式班」，点击链接即可保存。打开「夸克APP」，无需下载在线播放视频，畅享原画5倍速，支持电视投屏。
链接：https://pan.quark.cn/s/0d82731b3a48",,2023-10-21 14:29,520,永久有效
/【0】等待分享,【imooc-321】Flutter从入门到进阶 实战携程网App 一网打尽核心技术,"我用夸克网盘分享了「【imooc-321】Flutter从入门到进阶 实战携程网App 一网打尽核心技术」，点击链接即可保存。打开「夸克APP」，无需下载在线播放视频，畅享原画5倍速，支持电视投屏。
链接：https://pan.quark.cn/s/87c804c30aed",,2023-10-21 12:17,282,永久有效
/【0】等待分享,【郁金香】商业游戏辅助技术培训课程 - 2015,"我用夸克网盘分享了「【郁金香】商业游戏辅助技术培训课程 - 2015」，点击链接即可保存。打开「夸克APP」，无需下载在线播放视频，畅享原画5倍速，支持电视投屏。
链接：https://pan.quark.cn/s/1e6f12e54571",,2023-10-21 02:56,413,永久有效
/【0】等待分享,【炼数成金】Python数据处理实战：基于真实场景的数据,"我用夸克网盘分享了「【炼数成金】Python数据处理实战：基于真实场景的数据」，点击链接即可保存。打开「夸克APP」，无需下载在线播放视频，畅享原画5倍速，支持电视投屏。
链接：https://pan.quark.cn/s/0a96ef671c23",,2023-10-20 17:45,480,永久有效
/【0】等待分享,【大讲台】基于大数据体系构建数据仓库,"我用夸克网盘分享了「【大讲台】基于大数据体系构建数据仓库」，点击链接即可保存。打开「夸克APP」，无需下载在线播放视频，畅享原画5倍速，支持电视投屏。
链接：https://pan.quark.cn/s/354ae918f1f4",,2023-10-20 17:08,277,永久有效
/【0】等待分享,【imooc-635】SpringCloudalibaba+Vue开发仿社交小程序,"我用夸克网盘分享了「【imooc-635】SpringCloudalibaba+Vue开发仿社交小程序」，点击链接即可保存。打开「夸克APP」，无需下载在线播放视频，畅享原画5倍速，支持电视投屏。
链接：https://pan.quark.cn/s/5e02099116fe",,2023-10-20 14:51,356,永久有效
/【0】等待分享,【腾讯课堂-3547508】Kubernetes K8s CKS 认证实战班（安全专家）,"我用夸克网盘分享了「【腾讯课堂-3547508】Kubernetes K8s CKS 认证实战班（安全专家）」，点击链接即可保存。打开「夸克APP」，无需下载在线播放视频，畅享原画5倍速，支持电视投屏。
链接：https://pan.quark.cn/s/8cca29e8308c",,2023-10-19 22:59,451,永久有效
/【0】等待分享,【腾讯课堂-423902】Java零基础后端工程师【马士兵教育】,"我用夸克网盘分享了「【腾讯课堂-423902】Java零基础后端工程师【马士兵教育】」，点击链接即可保存。打开「夸克APP」，无需下载在线播放视频，畅享原画5倍速，支持电视投屏。
链接：https://pan.quark.cn/s/c38755a259f8",,2023-10-19 17:57,501,永久有效
../Android - 游戏天地,【Dragon Storm Fantasy】龙风暴幻想,"我用夸克网盘分享了「【Dragon Storm Fantasy】龙风暴幻想」，点击链接即可保存。打开「夸克APP」，无需下载在线播放视频，畅享原画5倍速，支持电视投屏。
链接：https://pan.quark.cn/s/4d9cb9a98400",,2023-10-19 17:00,284,永久有效
/【0】等待分享,【腾讯课堂-3582874】Python爬虫高级开发工程师第5期,"我用夸克网盘分享了「【腾讯课堂-3582874】Python爬虫高级开发工程师第5期」，点击链接即可保存。打开「夸克APP」，无需下载在线播放视频，畅享原画5倍速，支持电视投屏。
链接：https://pan.quark.cn/s/b9ae75abae4b",,2023-10-19 15:07,884,永久有效
/【0】等待分享,【老陈】亚马逊FBA运营实操课 - 2022,"我用夸克网盘分享了「【老陈】亚马逊FBA运营实操课 - 2022」，点击链接即可保存。打开「夸克APP」，无需下载在线播放视频，畅享原画5倍速，支持电视投屏。
链接：https://pan.quark.cn/s/31c5e7a7261e",,2023-10-19 11:57,435,永久有效
/【0】等待分享,【贪心科技】京东数据分析训练营,"我用夸克网盘分享了「【贪心科技】京东数据分析训练营」，点击链接即可保存。打开「夸克APP」，无需下载在线播放视频，畅享原画5倍速，支持电视投屏。
链接：https://pan.quark.cn/s/051dce8829e6",,2023-10-18 23:50,415,永久有效
/【0】等待分享,林枫抖音培训课·2023新课直播算法逆向解密，选品、建模、老号重启、控流、罗盘分析、小店随心推、正价平播等,"我用夸克网盘分享了「林枫抖音培训课·2023新课直播算法逆向解密，选品、建模、老号重启、控流、罗盘分析、小店随心推、正价平播等」，点击链接即可保存。打开「夸克APP」，无需下载在线播放视频，畅享原画5倍速，支持电视投屏。
链接：https://pan.quark.cn/s/eb1790e1c897",,2023-10-18 17:51,502,永久有效
/【0】等待分享,福利皮 跟我一起从零学习Window逆向分析,"我用夸克网盘分享了「福利皮 跟我一起从零学习Window逆向分析」，点击链接即可保存。打开「夸克APP」，无需下载在线播放视频，畅享原画5倍速，支持电视投屏。
链接：https://pan.quark.cn/s/f49bdeb045f9",,2023-10-18 17:02,406,永久有效
/【0】等待分享,【小滴课堂】急速掌握-新版分布式调度XXL-Job+SpringBoot2.X项目实战,"我用夸克网盘分享了「【小滴课堂】急速掌握-新版分布式调度XXL-Job+SpringBoot2.X项目实战」，点击链接即可保存。打开「夸克APP」，无需下载在线播放视频，畅享原画5倍速，支持电视投屏。
链接：https://pan.quark.cn/s/501f958af88b",,2023-10-18 10:20,211,永久有效
/【0】等待分享,【千峰教育】uni-app入门到实战项目之《仿网易云音乐》,"我用夸克网盘分享了「【千峰教育】uni-app入门到实战项目之《仿网易云音乐》」，点击链接即可保存。打开「夸克APP」，无需下载在线播放视频，畅享原画5倍速，支持电视投屏。
链接：https://pan.quark.cn/s/f952dca87ffb",,2023-10-17 21:32,256,永久有效
/【0】等待分享,【睿慕课】3D感知技术与实践（第三期）,"我用夸克网盘分享了「【睿慕课】3D感知技术与实践（第三期）」，点击链接即可保存。打开「夸克APP」，无需下载在线播放视频，畅享原画5倍速，支持电视投屏。
链接：https://pan.quark.cn/s/f6aa6f55004a",,2023-10-17 17:51,171,永久有效
/【0】等待分享,【猿来入此】Java+Swing+Mysql实现的学生信息管理系统的毕设模板极指导思路,"我用夸克网盘分享了「【猿来入此】Java+Swing+Mysql实现的学生信息管理系统的毕设模板极指导思路」，点击链接即可保存。打开「夸克APP」，无需下载在线播放视频，畅享原画5倍速，支持电视投屏。
链接：https://pan.quark.cn/s/5925ff3ffdd6",,2023-10-17 16:22,313,永久有效
/,【Snaptube】,"我用夸克网盘分享了「【Snaptube】」，点击链接即可保存。打开「夸克APP」，无需下载在线播放视频，畅享原画5倍速，支持电视投屏。
链接：https://pan.quark.cn/s/a9dcd564b8ec",,2023-10-16 22:51,2008,永久有效
/【0】等待分享,【腾讯课堂-3067253】算法数据结构体系学习班,"我用夸克网盘分享了「【腾讯课堂-3067253】算法数据结构体系学习班」，点击链接即可保存。打开「夸克APP」，无需下载在线播放视频，畅享原画5倍速，支持电视投屏。
链接：https://pan.quark.cn/s/5d87c46e4cec",,2023-10-16 21:51,469,永久有效
/【0】等待分享,【腾讯课堂-3101903】算法和数据结构新手班,"我用夸克网盘分享了「【腾讯课堂-3101903】算法和数据结构新手班」，点击链接即可保存。打开「夸克APP」，无需下载在线播放视频，畅享原画5倍速，支持电视投屏。
链接：https://pan.quark.cn/s/b51566ae6d44",,2023-10-16 17:31,338,永久有效
/【0】等待分享,【腾讯课堂-3449042】大厂算法和数据结构刷题,"我用夸克网盘分享了「【腾讯课堂-3449042】大厂算法和数据结构刷题」，点击链接即可保存。打开「夸克APP」，无需下载在线播放视频，畅享原画5倍速，支持电视投屏。
链接：https://pan.quark.cn/s/b70d7c6b1d7d",,2023-10-16 14:15,530,永久有效
/【0】等待分享,腾小渔C4D零基础速成班第3期,"我用夸克网盘分享了「腾小渔C4D零基础速成班第3期」，点击链接即可保存。打开「夸克APP」，无需下载在线播放视频，畅享原画5倍速，支持电视投屏。
链接：https://pan.quark.cn/s/30267ec865e2",,2023-10-16 11:44,300,永久有效
/,【picTrove】,"我用夸克网盘分享了「【picTrove】」，点击链接即可保存。打开「夸克APP」，无需下载在线播放视频，畅享原画5倍速，支持电视投屏。
链接：https://pan.quark.cn/s/36ab13c3b3c9",,2023-10-16 02:31,598,永久有效
/【0】等待分享,【开课吧】门徒计划 - Web前端方向,"我用夸克网盘分享了「【开课吧】门徒计划 - Web前端方向」，点击链接即可保存。打开「夸克APP」，无需下载在线播放视频，畅享原画5倍速，支持电视投屏。
链接：https://pan.quark.cn/s/c5ec6323cb16",,2023-10-14 17:16,291,永久有效
/【0】等待分享,灯鱼·无为法直通车：从0到彻底精通直通车，用无为法思维，永远不会亏损,"我用夸克网盘分享了「灯鱼·无为法直通车：从0到彻底精通直通车，用无为法思维，永远不会亏损」，点击链接即可保存。打开「夸克APP」，无需下载在线播放视频，畅享原画5倍速，支持电视投屏。
链接：https://pan.quark.cn/s/3f6e33b346f9",,2023-10-14 03:28,337,永久有效
/【0】等待分享,【51CTO-23786】Vue全家桶+Node.js全栈开发Xmall商城,"我用夸克网盘分享了「【51CTO-23786】Vue全家桶+Node.js全栈开发Xmall商城」，点击链接即可保存。打开「夸克APP」，无需下载在线播放视频，畅享原画5倍速，支持电视投屏。
链接：https://pan.quark.cn/s/ca8309a988c9",,2023-10-13 03:42,269,永久有效
/【0】等待分享,【数据技术课堂】菊安酱 - 2021数据分析实战,"我用夸克网盘分享了「【数据技术课堂】菊安酱 - 2021数据分析实战」，点击链接即可保存。打开「夸克APP」，无需下载在线播放视频，畅享原画5倍速，支持电视投屏。
链接：https://pan.quark.cn/s/06bcc2ee3039",,2023-10-12 16:32,330,永久有效
/【0】等待分享,【数据技术课堂】深度学习实战训练营（5期）,"我用夸克网盘分享了「【数据技术课堂】深度学习实战训练营（5期）」，点击链接即可保存。打开「夸克APP」，无需下载在线播放视频，畅享原画5倍速，支持电视投屏。
链接：https://pan.quark.cn/s/da655764dd41",,2023-10-12 16:06,427,永久有效
/【0】等待分享,张小翼从0到1摄影基本法,"我用夸克网盘分享了「张小翼从0到1摄影基本法」，点击链接即可保存。打开「夸克APP」，无需下载在线播放视频，畅享原画5倍速，支持电视投屏。
链接：https://pan.quark.cn/s/ba615ccff273",,2023-10-11 14:52,412,永久有效
/【0】等待分享,张小翼高效后期制作基本法,"我用夸克网盘分享了「张小翼高效后期制作基本法」，点击链接即可保存。打开「夸克APP」，无需下载在线播放视频，畅享原画5倍速，支持电视投屏。
链接：https://pan.quark.cn/s/7514b3ea1595",,2023-10-11 14:47,255,永久有效
/【0】等待分享,德义跨境·shopee选品精品课,"我用夸克网盘分享了「德义跨境·shopee选品精品课」，点击链接即可保存。打开「夸克APP」，无需下载在线播放视频，畅享原画5倍速，支持电视投屏。
链接：https://pan.quark.cn/s/dc279a5c6d4b",,2023-10-11 14:41,292,永久有效
/【0】等待分享,汤小小账号变现课第2期，今日头条、小红书、公众号，1000粉也可以接广告变现,"我用夸克网盘分享了「汤小小账号变现课第2期，今日头条、小红书、公众号，1000粉也可以接广告变现」，点击链接即可保存。打开「夸克APP」，无需下载在线播放视频，畅享原画5倍速，支持电视投屏。
链接：https://pan.quark.cn/s/dcc8014e998c",,2023-10-11 14:32,506,永久有效
/【0】等待分享,【PC 模拟经营】加油站大亨 v1.0.2.67358S免安装中文版,"我用夸克网盘分享了「【PC 模拟经营】加油站大亨 v1.0.2.67358S免安装中文版」，点击链接即可保存。打开「夸克APP」，无需下载在线播放视频，畅享原画5倍速，支持电视投屏。
链接：https://pan.quark.cn/s/d4236fcfc74f",,2023-10-11 10:59,157,永久有效
/【0】等待分享,【爱燕子摄影学院】摄影综合课,"我用夸克网盘分享了「【爱燕子摄影学院】摄影综合课」，点击链接即可保存。打开「夸克APP」，无需下载在线播放视频，畅享原画5倍速，支持电视投屏。
链接：https://pan.quark.cn/s/78606b2a930a",,2023-10-11 10:03,882,永久有效
/【0】等待分享,【黄家私塾】考霸训练营,"我用夸克网盘分享了「【黄家私塾】考霸训练营」，点击链接即可保存。打开「夸克APP」，无需下载在线播放视频，畅享原画5倍速，支持电视投屏。
链接：https://pan.quark.cn/s/04bbea063eb7",,2023-10-11 09:34,369,永久有效
/【0】等待分享,【黄家私塾】黄先生的职场独家秘笈·求职篇,"我用夸克网盘分享了「【黄家私塾】黄先生的职场独家秘笈·求职篇」，点击链接即可保存。打开「夸克APP」，无需下载在线播放视频，畅享原画5倍速，支持电视投屏。
链接：https://pan.quark.cn/s/41918364fab6",,2023-10-10 23:07,274,永久有效
/【0】等待分享,【极客时间-arch2nd】架构实战营,"我用夸克网盘分享了「【极客时间-arch2nd】架构实战营」，点击链接即可保存。打开「夸克APP」，无需下载在线播放视频，畅享原画5倍速，支持电视投屏。
链接：https://pan.quark.cn/s/7c299e56c009",,2023-10-10 22:29,370,永久有效
/【0】等待分享,Glutton - 2023年ipad精美日系少女插画班,"我用夸克网盘分享了「Glutton - 2023年ipad精美日系少女插画班」，点击链接即可保存。打开「夸克APP」，无需下载在线播放视频，畅享原画5倍速，支持电视投屏。
链接：https://pan.quark.cn/s/95c063068d59",,2023-10-10 17:05,312,永久有效
/【0】等待分享,项目总视角下的工程与成本管理,"我用夸克网盘分享了「项目总视角下的工程与成本管理」，点击链接即可保存。打开「夸克APP」，无需下载在线播放视频，畅享原画5倍速，支持电视投屏。
链接：https://pan.quark.cn/s/77bfabf07012",,2023-10-10 16:25,249,永久有效
/【0】等待分享,【Pinterest】,"我用夸克网盘分享了「【Pinterest】」，点击链接即可保存。打开「夸克APP」，无需下载在线播放视频，畅享原画5倍速，支持电视投屏。
链接：https://pan.quark.cn/s/ff07b1554edb",,2023-10-10 15:26,620,永久有效
/【0】等待分享,和君《股权设计班24讲（第三期）》,"我用夸克网盘分享了「和君《股权设计班24讲（第三期）》」，点击链接即可保存。打开「夸克APP」，无需下载在线播放视频，畅享原画5倍速，支持电视投屏。
链接：https://pan.quark.cn/s/94b25dc11703",,2023-10-10 14:38,305,永久有效
/【0】等待分享,董十一短视频底层实操课,"我用夸克网盘分享了「董十一短视频底层实操课」，点击链接即可保存。打开「夸克APP」，无需下载在线播放视频，畅享原画5倍速，支持电视投屏。
链接：https://pan.quark.cn/s/5c00bc4f1067",,2023-10-10 14:23,420,永久有效
/【0】等待分享,【51CTO-25903】C++语言高级课程（三）,"我用夸克网盘分享了「【51CTO-25903】C++语言高级课程（三）」，点击链接即可保存。打开「夸克APP」，无需下载在线播放视频，畅享原画5倍速，支持电视投屏。
链接：https://pan.quark.cn/s/ab77046f10fc",,2023-10-09 23:48,29,永久有效
/【0】等待分享,【51CTO-24885】C++语言高级课程（二）,"我用夸克网盘分享了「【51CTO-24885】C++语言高级课程（二）」，点击链接即可保存。打开「夸克APP」，无需下载在线播放视频，畅享原画5倍速，支持电视投屏。
链接：https://pan.quark.cn/s/da3680775d31",,2023-10-09 23:48,19,永久有效
/【0】等待分享,【51CTO-16432】Linux C++网络编程,"我用夸克网盘分享了「【51CTO-16432】Linux C++网络编程」，点击链接即可保存。打开「夸克APP」，无需下载在线播放视频，畅享原画5倍速，支持电视投屏。
链接：https://pan.quark.cn/s/48bc9ef62348",,2023-10-09 23:47,30,永久有效
/【0】等待分享,【51CTO-15342】C++语言高级课程,"我用夸克网盘分享了「【51CTO-15342】C++语言高级课程」，点击链接即可保存。打开「夸克APP」，无需下载在线播放视频，畅享原画5倍速，支持电视投屏。
链接：https://pan.quark.cn/s/da1d34b37d56",,2023-10-09 23:46,26,永久有效
/【0】等待分享,【51CTO-15290】C语言入门,"我用夸克网盘分享了「【51CTO-15290】C语言入门」，点击链接即可保存。打开「夸克APP」，无需下载在线播放视频，畅享原画5倍速，支持电视投屏。
链接：https://pan.quark.cn/s/b2a1438da7be",,2023-10-09 23:45,26,永久有效
/【0】等待分享,【51CTO-15271】C++语言基础到进阶,"我用夸克网盘分享了「【51CTO-15271】C++语言基础到进阶」，点击链接即可保存。打开「夸克APP」，无需下载在线播放视频，畅享原画5倍速，支持电视投屏。
链接：https://pan.quark.cn/s/3e0e860ecdf3",,2023-10-09 23:45,20,永久有效
/【0】等待分享,【安越财务数字学院】经营分析实战训练营,"我用夸克网盘分享了「【安越财务数字学院】经营分析实战训练营」，点击链接即可保存。打开「夸克APP」，无需下载在线播放视频，畅享原画5倍速，支持电视投屏。
链接：https://pan.quark.cn/s/35200a1c63a3",,2023-10-09 17:04,496,永久有效
/【0】等待分享,和君《高管效率提升训练营》,"我用夸克网盘分享了「和君《高管效率提升训练营》」，点击链接即可保存。打开「夸克APP」，无需下载在线播放视频，畅享原画5倍速，支持电视投屏。
链接：https://pan.quark.cn/s/2512fd451954",,2023-10-09 16:38,349,永久有效
/【0】等待分享,爆文写作：半糖梦呓高阶写作营,"我用夸克网盘分享了「爆文写作：半糖梦呓高阶写作营」，点击链接即可保存。打开「夸克APP」，无需下载在线播放视频，畅享原画5倍速，支持电视投屏。
链接：https://pan.quark.cn/s/6630fc648f1b",,2023-10-09 14:56,546,永久有效
/【0】等待分享,黄先生人脉提升训练营 拥有高级人脉,"我用夸克网盘分享了「黄先生人脉提升训练营 拥有高级人脉」，点击链接即可保存。打开「夸克APP」，无需下载在线播放视频，畅享原画5倍速，支持电视投屏。
链接：https://pan.quark.cn/s/41d9318f9f68",,2023-10-09 14:55,544,永久有效
/【0】等待分享,Lachel：智识训练营3.0 第六期,"我用夸克网盘分享了「Lachel：智识训练营3.0 第六期」，点击链接即可保存。打开「夸克APP」，无需下载在线播放视频，畅享原画5倍速，支持电视投屏。
链接：https://pan.quark.cn/s/b157d4318fae",,2023-10-09 14:47,471,永久有效
/【0】等待分享,【王道计算机教育】2021考研计算机操作系统,"我用夸克网盘分享了「【王道计算机教育】2021考研计算机操作系统」，点击链接即可保存。打开「夸克APP」，无需下载在线播放视频，畅享原画5倍速，支持电视投屏。
链接：https://pan.quark.cn/s/78c68fc92863",,2023-10-09 08:45,265,永久有效
/,【PhotoLayers】,"我用夸克网盘分享了「【PhotoLayers】」，点击链接即可保存。打开「夸克APP」，无需下载在线播放视频，畅享原画5倍速，支持电视投屏。
链接：https://pan.quark.cn/s/2b2bc67fe537",,2023-10-07 15:18,171,永久有效
/,【可可修图】,"我用夸克网盘分享了「【可可修图】」，点击链接即可保存。打开「夸克APP」，无需下载在线播放视频，畅享原画5倍速，支持电视投屏。
链接：https://pan.quark.cn/s/a360a49d2a91",,2023-10-07 14:29,184,永久有效
/【0】等待分享,卷卷老师流行声乐课训练营,"我用夸克网盘分享了「卷卷老师流行声乐课训练营」，点击链接即可保存。打开「夸克APP」，无需下载在线播放视频，畅享原画5倍速，支持电视投屏。
链接：https://pan.quark.cn/s/c36030d53806",,2023-10-07 14:22,731,永久有效
/,【AdGuard】,"我用夸克网盘分享了「【AdGuard】」，点击链接即可保存。打开「夸克APP」，无需下载在线播放视频，畅享原画5倍速，支持电视投屏。
链接：https://pan.quark.cn/s/24057e44fb58",,2023-10-07 11:08,886,永久有效
/,【TG】,"我用夸克网盘分享了「【TG】」，点击链接即可保存。打开「夸克APP」，无需下载在线播放视频，畅享原画5倍速，支持电视投屏。
链接：https://pan.quark.cn/s/fa0c71f5f8dc",,2023-10-07 02:20,4246,永久有效
/【0】等待分享,【NP管理器】,"我用夸克网盘分享了「【NP管理器】」，点击链接即可保存。打开「夸克APP」，无需下载在线播放视频，畅享原画5倍速，支持电视投屏。
链接：https://pan.quark.cn/s/844ad0dae1c5",,2023-10-07 00:15,218,永久有效
/【0】等待分享,从0到1搞定即兴演讲特训营,"我用夸克网盘分享了「从0到1搞定即兴演讲特训营」，点击链接即可保存。打开「夸克APP」，无需下载在线播放视频，畅享原画5倍速，支持电视投屏。
链接：https://pan.quark.cn/s/037ac3f362f4",,2023-10-06 14:31,469,永久有效
/【0】每天最新资源,三国群英传7 Mod 17款,"我用夸克网盘分享了「三国群英传7 Mod 17款」，点击链接即可保存。打开「夸克APP」，无需下载在线播放视频，畅享原画5倍速，支持电视投屏。
链接：https://pan.quark.cn/s/544f0c055486",,2023-10-06 10:49,509,永久有效
/,【Xodo PDF Reader】,"我用夸克网盘分享了「【Xodo PDF Reader】」，点击链接即可保存。打开「夸克APP」，无需下载在线播放视频，畅享原画5倍速，支持电视投屏。
链接：https://pan.quark.cn/s/009ca34bfd7e",,2023-10-06 01:02,347,永久有效
/【0】等待分享,【pixiv】,"我用夸克网盘分享了「【pixiv】」，点击链接即可保存。打开「夸克APP」，无需下载在线播放视频，畅享原画5倍速，支持电视投屏。
链接：https://pan.quark.cn/s/90a3dd38b28d",,2023-10-05 23:44,6984,永久有效
../Android - 设计剪辑,【Adobe Express - 平面设计】,"我用夸克网盘分享了「【Adobe Express - 平面设计】」，点击链接即可保存。打开「夸克APP」，无需下载在线播放视频，畅享原画5倍速，支持电视投屏。
链接：https://pan.quark.cn/s/9a6d92929410",,2023-10-05 22:56,862,永久有效
/【0】等待分享,【imooc-485】SpringBoot 在线协同办公小程序开发 全栈式项目实战,"我用夸克网盘分享了「【imooc-485】SpringBoot 在线协同办公小程序开发 全栈式项目实战」，点击链接即可保存。打开「夸克APP」，无需下载在线播放视频，畅享原画5倍速，支持电视投屏。
链接：https://pan.quark.cn/s/6a09f08f82cc",,2023-10-05 14:10,365,永久有效
/【0】等待分享,三国群英传7 V1.2.2.0 官方中文,"我用夸克网盘分享了「三国群英传7 V1.2.2.0 官方中文」，点击链接即可保存。打开「夸克APP」，无需下载在线播放视频，畅享原画5倍速，支持电视投屏。
链接：https://pan.quark.cn/s/48e3a3681482",,2023-10-05 02:35,433,永久有效
/【0】每天最新资源,三国群英传7 - 幻想之战 Mod,"我用夸克网盘分享了「三国群英传7 - 幻想之战 Mod」，点击链接即可保存。打开「夸克APP」，无需下载在线播放视频，畅享原画5倍速，支持电视投屏。
链接：https://pan.quark.cn/s/23340c124c92",,2023-10-05 01:56,293,永久有效
/【0】等待分享,【福粒商学院】福粒短视频创作知识,"我用夸克网盘分享了「【福粒商学院】福粒短视频创作知识」，点击链接即可保存。打开「夸克APP」，无需下载在线播放视频，畅享原画5倍速，支持电视投屏。
链接：https://pan.quark.cn/s/a151ec1f0811",,2023-10-04 08:17,347,永久有效
../Android - 系统相关,【ES文件浏览器】,"我用夸克网盘分享了「【ES文件浏览器】」，点击链接即可保存。打开「夸克APP」，无需下载在线播放视频，畅享原画5倍速，支持电视投屏。
链接：https://pan.quark.cn/s/2ffc6467592a",,2023-10-03 21:54,701,永久有效
../Android - 系统相关,【XDownloader】,"我用夸克网盘分享了「【XDownloader】」，点击链接即可保存。打开「夸克APP」，无需下载在线播放视频，畅享原画5倍速，支持电视投屏。
链接：https://pan.quark.cn/s/581d16c6c842",,2023-10-03 21:40,2204,永久有效
/【0】等待分享,【极客时间-arch】架构师训练营,"我用夸克网盘分享了「【极客时间-arch】架构师训练营」，点击链接即可保存。打开「夸克APP」，无需下载在线播放视频，畅享原画5倍速，支持电视投屏。
链接：https://pan.quark.cn/s/832ef632e7bc",,2023-10-03 21:18,611,永久有效
/【0】等待分享,【51CTO-412】全栈网络安全工程师精品班_陈鑫杰,"我用夸克网盘分享了「【51CTO-412】全栈网络安全工程师精品班_陈鑫杰」，点击链接即可保存。打开「夸克APP」，无需下载在线播放视频，畅享原画5倍速，支持电视投屏。
链接：https://pan.quark.cn/s/f861dc5d1117",,2023-10-03 14:05,696,永久有效
/【0】等待分享,【PC动作冒险】命运英雄 v3.0.1.0免安装中文版,"我用夸克网盘分享了「【PC动作冒险】命运英雄 v3.0.1.0免安装中文版」，点击链接即可保存。打开「夸克APP」，无需下载在线播放视频，畅享原画5倍速，支持电视投屏。
链接：https://pan.quark.cn/s/05f4887aef39",,2023-10-03 11:10,180,永久有效
/【0】等待分享,【王道计算机教育】C++长期班43th - 2022,"我用夸克网盘分享了「【王道计算机教育】C++长期班43th - 2022」，点击链接即可保存。打开「夸克APP」，无需下载在线播放视频，畅享原画5倍速，支持电视投屏。
链接：https://pan.quark.cn/s/99a9536bca20",,2023-10-03 01:41,1135,永久有效
/【0】等待分享,【尚硅谷】云原生实战,"我用夸克网盘分享了「【尚硅谷】云原生实战」，点击链接即可保存。打开「夸克APP」，无需下载在线播放视频，畅享原画5倍速，支持电视投屏。
链接：https://pan.quark.cn/s/8d4e52c89deb",,2023-10-02 22:34,290,永久有效
/【0】等待分享,【51CTO-13912】C++ 设计模式理论与实战大全,"我用夸克网盘分享了「【51CTO-13912】C++ 设计模式理论与实战大全」，点击链接即可保存。打开「夸克APP」，无需下载在线播放视频，畅享原画5倍速，支持电视投屏。
链接：https://pan.quark.cn/s/1b362df3c497",,2023-10-02 14:59,285,永久有效
/【0】等待分享,李梦娇：事业单位《公共基础知识》名师模块班 + 口诀记忆,"我用夸克网盘分享了「李梦娇：事业单位《公共基础知识》名师模块班 + 口诀记忆」，点击链接即可保存。打开「夸克APP」，无需下载在线播放视频，畅享原画5倍速，支持电视投屏。
链接：https://pan.quark.cn/s/979487ddb34b",,2023-10-02 12:37,1072,永久有效
/【0】等待分享,【imooc-mobilearchitect】移动端架构师,"我用夸克网盘分享了「【imooc-mobilearchitect】移动端架构师」，点击链接即可保存。打开「夸克APP」，无需下载在线播放视频，畅享原画5倍速，支持电视投屏。
链接：https://pan.quark.cn/s/d0bc73dff32f",,2023-10-02 09:01,328,永久有效
/【0】等待分享,财萃：ACCA 财务英语基础课,"我用夸克网盘分享了「财萃：ACCA 财务英语基础课」，点击链接即可保存。打开「夸克APP」，无需下载在线播放视频，畅享原画5倍速，支持电视投屏。
链接：https://pan.quark.cn/s/69c0760f990d",,2023-10-02 02:30,147,永久有效
/【0】等待分享,【郑房新】软考高级信息系统项目管理师 - 2023,"我用夸克网盘分享了「【郑房新】软考高级信息系统项目管理师 - 2023」，点击链接即可保存。打开「夸克APP」，无需下载在线播放视频，畅享原画5倍速，支持电视投屏。
链接：https://pan.quark.cn/s/cebbaa538732",,2023-10-02 01:58,1800,永久有效
/【0】等待分享,【开课吧】Web前端高级工程师021期,"我用夸克网盘分享了「【开课吧】Web前端高级工程师021期」，点击链接即可保存。打开「夸克APP」，无需下载在线播放视频，畅享原画5倍速，支持电视投屏。
链接：https://pan.quark.cn/s/6a6a98a0eb8f",,2023-10-01 22:25,438,永久有效
/【0】等待分享,【光影7号】AE特效包装直播培训（第一期）,"我用夸克网盘分享了「【光影7号】AE特效包装直播培训（第一期）」，点击链接即可保存。打开「夸克APP」，无需下载在线播放视频，畅享原画5倍速，支持电视投屏。
链接：https://pan.quark.cn/s/c96a6d411bcd",,2023-10-01 17:17,489,永久有效
/【0】等待分享,三国志14 威力加强版,"我用夸克网盘分享了「三国志14 威力加强版」，点击链接即可保存。打开「夸克APP」，无需下载在线播放视频，畅享原画5倍速，支持电视投屏。
链接：https://pan.quark.cn/s/3bcbb0cb103b",,2023-10-01 17:10,832,永久有效
/【0】等待分享,【51CTO】51CTO学堂-软考中级：软件设计师精品班12期,"我用夸克网盘分享了「【51CTO】51CTO学堂-软考中级：软件设计师精品班12期」，点击链接即可保存。打开「夸克APP」，无需下载在线播放视频，畅享原画5倍速，支持电视投屏。
链接：https://pan.quark.cn/s/cc848747bd86",,2023-10-01 10:43,586,永久有效
/【0】等待分享,【小滴课堂】互联网架构之权限认证ApacheShiro零基础到高级实战,"我用夸克网盘分享了「【小滴课堂】互联网架构之权限认证ApacheShiro零基础到高级实战」，点击链接即可保存。打开「夸克APP」，无需下载在线播放视频，畅享原画5倍速，支持电视投屏。
链接：https://pan.quark.cn/s/ecf19e390f0d",,2023-10-01 09:20,161,永久有效
../Android - 办公软件,【XMind思维导图】,"我用夸克网盘分享了「【XMind思维导图】」，点击链接即可保存。打开「夸克APP」，无需下载在线播放视频，畅享原画5倍速，支持电视投屏。
链接：https://pan.quark.cn/s/1e4f0a31abad",,2023-10-01 06:44,1095,永久有效
/【0】等待分享,【奈学科技】P6大数据研发工程师11期,"我用夸克网盘分享了「【奈学科技】P6大数据研发工程师11期」，点击链接即可保存。打开「夸克APP」，无需下载在线播放视频，畅享原画5倍速，支持电视投屏。
链接：https://pan.quark.cn/s/16dcb3e02210",,2023-10-01 01:03,356,永久有效
/【0】等待分享,【PC 策略模拟】战争传说 v1.0.28021免安装中文版,"我用夸克网盘分享了「【PC 策略模拟】战争传说 v1.0.28021免安装中文版」，点击链接即可保存。打开「夸克APP」，无需下载在线播放视频，畅享原画5倍速，支持电视投屏。
链接：https://pan.quark.cn/s/24ec5ea53021",,2023-10-01 00:46,157,永久有效
/【0】等待分享,【开课吧】门徒计划 - Java方向,"我用夸克网盘分享了「【开课吧】门徒计划 - Java方向」，点击链接即可保存。打开「夸克APP」，无需下载在线播放视频，畅享原画5倍速，支持电视投屏。
链接：https://pan.quark.cn/s/6bc108982322",,2023-09-30 09:37,174,永久有效
/【0】等待分享,【PC 角色扮演】最后纪元 v0.9.2c免安装中文版,"我用夸克网盘分享了「【PC 角色扮演】最后纪元 v0.9.2c免安装中文版」，点击链接即可保存。打开「夸克APP」，无需下载在线播放视频，畅享原画5倍速，支持电视投屏。
链接：https://pan.quark.cn/s/5f50fab762d6",,2023-09-30 08:20,144,永久有效
/【0】等待分享,【开课吧】门徒计划 - AI方向,"我用夸克网盘分享了「【开课吧】门徒计划 - AI方向」，点击链接即可保存。打开「夸克APP」，无需下载在线播放视频，畅享原画5倍速，支持电视投屏。
链接：https://pan.quark.cn/s/b08634615b1f",,2023-09-30 05:07,227,永久有效
../来自：分享,【腾讯课堂-485406】C++全套数据结构算法-进阶高级开发必备-大厂面试必备,"我用夸克网盘分享了「【腾讯课堂-485406】C++全套数据结构算法-进阶高级开发必备-大厂面试必备」，点击链接即可保存。打开「夸克APP」，无需下载在线播放视频，畅享原画5倍速，支持电视投屏。
链接：https://pan.quark.cn/s/19258717505a",,2023-09-29 22:05,456,永久有效
../来自：分享,【黑马程序员】C++ 匠心之作 从0到1入门学编程,"我用夸克网盘分享了「【黑马程序员】C++ 匠心之作 从0到1入门学编程」，点击链接即可保存。打开「夸克APP」，无需下载在线播放视频，畅享原画5倍速，支持电视投屏。
链接：https://pan.quark.cn/s/da6c0ef070d4",,2023-09-29 17:38,943,永久有效
../来自：分享,【腾讯课堂-3638664】比屋教育-Java企业级开发就业班,"我用夸克网盘分享了「【腾讯课堂-3638664】比屋教育-Java企业级开发就业班」，点击链接即可保存。打开「夸克APP」，无需下载在线播放视频，畅享原画5倍速，支持电视投屏。
链接：https://pan.quark.cn/s/0c7cc772e9e4",,2023-09-29 10:34,227,永久有效
/【0】等待分享,【网易云课堂-1213468804】PR入门到精通，108节速成课程,"我用夸克网盘分享了「【网易云课堂-1213468804】PR入门到精通，108节速成课程」，点击链接即可保存。打开「夸克APP」，无需下载在线播放视频，畅享原画5倍速，支持电视投屏。
链接：https://pan.quark.cn/s/f360f6023af1",,2023-09-29 09:28,538,永久有效
/,【PC 策略模拟】部落幸存者 v1.0.81.49免安装中文版,"我用夸克网盘分享了「【PC 策略模拟】部落幸存者 v1.0.81.49免安装中文版」，点击链接即可保存。打开「夸克APP」，无需下载在线播放视频，畅享原画5倍速，支持电视投屏。
链接：https://pan.quark.cn/s/38babab4f8cd",,2023-09-29 09:20,106,永久有效
/,【PC 动作冒险】尘埃异变 v1.2.41免安装中文版,"我用夸克网盘分享了「【PC 动作冒险】尘埃异变 v1.2.41免安装中文版」，点击链接即可保存。打开「夸克APP」，无需下载在线播放视频，畅享原画5倍速，支持电视投屏。
链接：https://pan.quark.cn/s/0d3fae2ce3bc",,2023-09-29 09:05,195,永久有效
/,【PC 休闲益智】富甲天下3 v10993340免安装中文版,"我用夸克网盘分享了「【PC 休闲益智】富甲天下3 v10993340免安装中文版」，点击链接即可保存。打开「夸克APP」，无需下载在线播放视频，畅享原画5倍速，支持电视投屏。
链接：https://pan.quark.cn/s/b946a85397bf",,2023-09-29 08:27,134,永久有效
/来自：分享,【腾讯课堂-175984】医学方-医学数据挖掘精品课程-GEO、TCGA、Oncomine数据库,"我用夸克网盘分享了「【腾讯课堂-175984】医学方-医学数据挖掘精品课程-GEO、TCGA、Oncomine数据库」，点击链接即可保存。打开「夸克APP」，无需下载在线播放视频，畅享原画5倍速，支持电视投屏。
链接：https://pan.quark.cn/s/2b79deea0998",,2023-09-14 15:21,213,永久有效
/来自：分享,【网易云课堂-1002844016】秋叶一起学轻松笔记,"我用夸克网盘分享了「【网易云课堂-1002844016】秋叶一起学轻松笔记」，点击链接即可保存。打开「夸克APP」，无需下载在线播放视频，畅享原画5倍速，支持电视投屏。
链接：https://pan.quark.cn/s/6940c52bea04",,2023-09-14 13:42,345,永久有效
/来自：分享,老鹰讲AE,"我用夸克网盘分享了「老鹰讲AE」，点击链接即可保存。打开「夸克APP」，无需下载在线播放视频，畅享原画5倍速，支持电视投屏。
链接：https://pan.quark.cn/s/db5c60a1f5ef",,2023-09-13 21:52,326,永久有效
/来自：分享,【尚硅谷】Vue3新特性,"我用夸克网盘分享了「【尚硅谷】Vue3新特性」，点击链接即可保存。打开「夸克APP」，无需下载在线播放视频，畅享原画5倍速，支持电视投屏。
链接：https://pan.quark.cn/s/0b5c04581d08",,2023-09-13 20:44,207,永久有效
/来自：分享,【奈学科技】P7数据分析架构师1期,"我用夸克网盘分享了「【奈学科技】P7数据分析架构师1期」，点击链接即可保存。打开「夸克APP」，无需下载在线播放视频，畅享原画5倍速，支持电视投屏。
链接：https://pan.quark.cn/s/2c9dd62b6fc2",,2023-09-13 17:53,336,永久有效
/来自：分享,【腾讯课堂-3098198】C++百万并发网络通信引擎架构与实现(服务端+客户端+跨平台)第2季,"我用夸克网盘分享了「【腾讯课堂-3098198】C++百万并发网络通信引擎架构与实现(服务端+客户端+跨平台)第2季」，点击链接即可保存。打开「夸克APP」，无需下载在线播放视频，畅享原画5倍速，支持电视投屏。
链接：https://pan.quark.cn/s/65bf01fbb8a7",,2023-09-13 15:42,405,永久有效
/来自：分享,【imooc-225】HTTP协议原理+实践Web开发工程师必学,"我用夸克网盘分享了「【imooc-225】HTTP协议原理+实践Web开发工程师必学」，点击链接即可保存。打开「夸克APP」，无需下载在线播放视频，畅享原画5倍速，支持电视投屏。
链接：https://pan.quark.cn/s/6f6bd49c8ed0",,2023-09-13 13:26,293,永久有效
/来自：分享,【亿事君】1688专业级知识库-阿里巴巴诚信通运营必修课程,"我用夸克网盘分享了「【亿事君】1688专业级知识库-阿里巴巴诚信通运营必修课程」，点击链接即可保存。打开「夸克APP」，无需下载在线播放视频，畅享原画5倍速，支持电视投屏。
链接：https://pan.quark.cn/s/90ae39aa83e3",,2023-09-13 11:24,234,永久有效
/来自：分享,【网易云课堂-1652008】一页纸仪表板报告,"我用夸克网盘分享了「【网易云课堂-1652008】一页纸仪表板报告」，点击链接即可保存。打开「夸克APP」，无需下载在线播放视频，畅享原画5倍速，支持电视投屏。
链接：https://pan.quark.cn/s/c665e844d849",,2023-09-13 10:10,287,永久有效
/来自：分享,【网易云课堂-1211586802】uni-app实战在线教育类app开发,"我用夸克网盘分享了「【网易云课堂-1211586802】uni-app实战在线教育类app开发」，点击链接即可保存。打开「夸克APP」，无需下载在线播放视频，畅享原画5倍速，支持电视投屏。
链接：https://pan.quark.cn/s/06771884f199",,2023-09-13 03:01,313,永久有效
/来自：分享,【imooc-296】中高级开发晋升利器 MySQL面试指南,"我用夸克网盘分享了「【imooc-296】中高级开发晋升利器 MySQL面试指南」，点击链接即可保存。打开「夸克APP」，无需下载在线播放视频，畅享原画5倍速，支持电视投屏。
链接：https://pan.quark.cn/s/cd1ef6c63c09",,2023-09-12 22:37,247,永久有效
/来自：分享,【51CTO-16729】计算机视觉-Opencv项目实战(Python版),"我用夸克网盘分享了「【51CTO-16729】计算机视觉-Opencv项目实战(Python版)」，点击链接即可保存。打开「夸克APP」，无需下载在线播放视频，畅享原画5倍速，支持电视投屏。
链接：https://pan.quark.cn/s/edb2578905b7",,2023-09-12 21:05,396,永久有效
/来自：分享,【极客时间-100042601】小马哥讲 Spring 核心编程思想,"我用夸克网盘分享了「【极客时间-100042601】小马哥讲 Spring 核心编程思想」，点击链接即可保存。打开「夸克APP」，无需下载在线播放视频，畅享原画5倍速，支持电视投屏。
链接：https://pan.quark.cn/s/74451b5a0715",,2023-09-12 19:59,200,永久有效
/来自：分享,【郁金香】游戏辅助技术课程含(初级，中级，驱动)课程,"我用夸克网盘分享了「【郁金香】游戏辅助技术课程含(初级，中级，驱动)课程」，点击链接即可保存。打开「夸克APP」，无需下载在线播放视频，畅享原画5倍速，支持电视投屏。
链接：https://pan.quark.cn/s/f26c2efdffe2",,2023-09-12 17:18,715,永久有效
/来自：分享,【CCtalk】森小艺人象摄影教学,"我用夸克网盘分享了「【CCtalk】森小艺人象摄影教学」，点击链接即可保存。打开「夸克APP」，无需下载在线播放视频，畅享原画5倍速，支持电视投屏。
链接：https://pan.quark.cn/s/e6a4299418fb",,2023-09-12 16:32,498,永久有效
/来自：分享,微妙哥影视解说5.0版视频课程,"我用夸克网盘分享了「微妙哥影视解说5.0版视频课程」，点击链接即可保存。打开「夸克APP」，无需下载在线播放视频，畅享原画5倍速，支持电视投屏。
链接：https://pan.quark.cn/s/ce59eae135cb",,2023-09-12 15:22,730,永久有效
/来自：分享,【腾科IT教育】华为认证HCIA-security和HCIP-security - 2022年,"我用夸克网盘分享了「【腾科IT教育】华为认证HCIA-security和HCIP-security - 2022年」，点击链接即可保存。打开「夸克APP」，无需下载在线播放视频，畅享原画5倍速，支持电视投屏。
链接：https://pan.quark.cn/s/a8c80c21e2b5",,2023-09-12 08:06,469,永久有效
/来自：分享,【网易云课堂-381006】【9万人学过】和秋叶一起学PPT,"我用夸克网盘分享了「【网易云课堂-381006】【9万人学过】和秋叶一起学PPT」，点击链接即可保存。打开「夸克APP」，无需下载在线播放视频，畅享原画5倍速，支持电视投屏。
链接：https://pan.quark.cn/s/626740fab0b6",,2023-09-12 01:01,443,永久有效
/来自：分享,【网易云课堂-1209249804】数据挖掘—miRNA调节网络的构建,"我用夸克网盘分享了「【网易云课堂-1209249804】数据挖掘—miRNA调节网络的构建」，点击链接即可保存。打开「夸克APP」，无需下载在线播放视频，畅享原画5倍速，支持电视投屏。
链接：https://pan.quark.cn/s/723130e9a51c",,2023-09-11 23:28,135,永久有效
/来自：分享,【奈学科技】P7大前端架构师1期,"我用夸克网盘分享了「【奈学科技】P7大前端架构师1期」，点击链接即可保存。打开「夸克APP」，无需下载在线播放视频，畅享原画5倍速，支持电视投屏。
链接：https://pan.quark.cn/s/9ebcef78a24d",,2023-09-11 22:02,368,永久有效
/来自：分享,【小迪安全】小迪安全培训视频教程 - 2019,"我用夸克网盘分享了「【小迪安全】小迪安全培训视频教程 - 2019」，点击链接即可保存。打开「夸克APP」，无需下载在线播放视频，畅享原画5倍速，支持电视投屏。
链接：https://pan.quark.cn/s/21852734ff34",,2023-09-11 20:27,284,永久有效
/来自：分享,【网易云课堂-1210803856】Gin+Vue+微服务打造秒杀商城-Go,"我用夸克网盘分享了「【网易云课堂-1210803856】Gin+Vue+微服务打造秒杀商城-Go」，点击链接即可保存。打开「夸克APP」，无需下载在线播放视频，畅享原画5倍速，支持电视投屏。
链接：https://pan.quark.cn/s/427edc4cbc60",,2023-09-11 16:47,249,永久有效
/来自：分享,【易锦】安卓逆向基础 11期,"我用夸克网盘分享了「【易锦】安卓逆向基础 11期」，点击链接即可保存。打开「夸克APP」，无需下载在线播放视频，畅享原画5倍速，支持电视投屏。
链接：https://pan.quark.cn/s/b75aa4e67169",,2023-09-11 15:45,517,永久有效
/来自：分享,【易锦】WEB渗透Hacker技术特训营（直播课第14期）,"我用夸克网盘分享了「【易锦】WEB渗透Hacker技术特训营（直播课第14期）」，点击链接即可保存。打开「夸克APP」，无需下载在线播放视频，畅享原画5倍速，支持电视投屏。
链接：https://pan.quark.cn/s/9ffee35d9c8e",,2023-09-11 09:43,282,永久有效
/来自：分享,【老男孩教育】网络安全工程师-线下脱产班12期,"我用夸克网盘分享了「【老男孩教育】网络安全工程师-线下脱产班12期」，点击链接即可保存。打开「夸克APP」，无需下载在线播放视频，畅享原画5倍速，支持电视投屏。
链接：https://pan.quark.cn/s/bbd573668baf",,2023-09-11 07:18,1165,永久有效
/来自：分享,【网易云课堂-1005569015】豪斯医生数据挖掘之WGCNA详解,"我用夸克网盘分享了「【网易云课堂-1005569015】豪斯医生数据挖掘之WGCNA详解」，点击链接即可保存。打开「夸克APP」，无需下载在线播放视频，畅享原画5倍速，支持电视投屏。
链接：https://pan.quark.cn/s/6361b2ebad45",,2023-09-11 01:09,146,永久有效
/来自：分享,许岑的幻灯片（PPT&Keynote）教程,"我用夸克网盘分享了「许岑的幻灯片（PPT&Keynote）教程」，点击链接即可保存。打开「夸克APP」，无需下载在线播放视频，畅享原画5倍速，支持电视投屏。
链接：https://pan.quark.cn/s/5da35bf4c427",,2023-09-10 22:38,527,永久有效
/来自：分享,【达内教育】WEB前端 - WEBTN2107,"我用夸克网盘分享了「【达内教育】WEB前端 - WEBTN2107」，点击链接即可保存。打开「夸克APP」，无需下载在线播放视频，畅享原画5倍速，支持电视投屏。
链接：https://pan.quark.cn/s/6d936349852f",,2023-09-10 20:24,280,永久有效
/来自：分享,【腾讯课堂-398381】【马士兵VIP课程】Java高级互联网架构师【马士兵教育】项目六班,"我用夸克网盘分享了「【腾讯课堂-398381】【马士兵VIP课程】Java高级互联网架构师【马士兵教育】项目六班」，点击链接即可保存。打开「夸克APP」，无需下载在线播放视频，畅享原画5倍速，支持电视投屏。
链接：https://pan.quark.cn/s/84ec858e5d94",,2023-09-10 19:23,375,永久有效
/来自：分享,【网易云课堂-1211561808】游戏安全与反外挂Ⅰ：我要入门,"我用夸克网盘分享了「【网易云课堂-1211561808】游戏安全与反外挂Ⅰ：我要入门」，点击链接即可保存。打开「夸克APP」，无需下载在线播放视频，畅享原画5倍速，支持电视投屏。
链接：https://pan.quark.cn/s/29f1212d4ba9",,2023-09-10 18:00,276,永久有效
/,【腾讯课堂-3548718】Kali安全高级工程师进阶班,"我用夸克网盘分享了「【腾讯课堂-3548718】Kali安全高级工程师进阶班」，点击链接即可保存。打开「夸克APP」，无需下载在线播放视频，畅享原画5倍速，支持电视投屏。
链接：https://pan.quark.cn/s/d8d42707f860",,2023-09-10 17:12,319,永久有效
/来自：分享,【百战程序员】Java互联网架构师,"我用夸克网盘分享了「【百战程序员】Java互联网架构师」，点击链接即可保存。打开「夸克APP」，无需下载在线播放视频，畅享原画5倍速，支持电视投屏。
链接：https://pan.quark.cn/s/07b338d36b2e",,2023-09-10 15:36,380,永久有效
/,【lagou-java_architect】Java工程师高薪训练营第5期,"我用夸克网盘分享了「【lagou-java_architect】Java工程师高薪训练营第5期」，点击链接即可保存。打开「夸克APP」，无需下载在线播放视频，畅享原画5倍速，支持电视投屏。
链接：https://pan.quark.cn/s/59063312bac4",,2023-09-10 08:04,400,永久有效
/来自：分享,【网易云课堂-1152030】向《华尔街日报》学图表（第2季）,"我用夸克网盘分享了「【网易云课堂-1152030】向《华尔街日报》学图表（第2季）」，点击链接即可保存。打开「夸克APP」，无需下载在线播放视频，畅享原画5倍速，支持电视投屏。
链接：https://pan.quark.cn/s/f838da36f29d",,2023-09-10 00:40,179,永久有效
/来自：分享,【网易云课堂-1001177002】微专业 - 数据分析师（Excel）,"我用夸克网盘分享了「【网易云课堂-1001177002】微专业 - 数据分析师（Excel）」，点击链接即可保存。打开「夸克APP」，无需下载在线播放视频，畅享原画5倍速，支持电视投屏。
链接：https://pan.quark.cn/s/f84b9e0ee22f",,2023-09-09 22:46,397,永久有效
/来自：分享,【小象学院】机器学习入门到实践,"我用夸克网盘分享了「【小象学院】机器学习入门到实践」，点击链接即可保存。打开「夸克APP」，无需下载在线播放视频，畅享原画5倍速，支持电视投屏。
链接：https://pan.quark.cn/s/dd97fc84071f",,2023-09-09 16:55,407,永久有效
/来自：分享,【站酷学习】AE系统全能班教程第四期,"我用夸克网盘分享了「【站酷学习】AE系统全能班教程第四期」，点击链接即可保存。打开「夸克APP」，无需下载在线播放视频，畅享原画5倍速，支持电视投屏。
链接：https://pan.quark.cn/s/98e743b4c331",,2023-09-09 15:37,327,永久有效
/来自：分享,【imooc-169】Python3入门机器学习 经典算法与应用  入行人工智能,"我用夸克网盘分享了「【imooc-169】Python3入门机器学习 经典算法与应用  入行人工智能」，点击链接即可保存。打开「夸克APP」，无需下载在线播放视频，畅享原画5倍速，支持电视投屏。
链接：https://pan.quark.cn/s/73c436293f63",,2023-09-09 14:30,499,永久有效
/来自：分享,【网易云课堂-1001180001】微专业 - Python Web开发工程师,"我用夸克网盘分享了「【网易云课堂-1001180001】微专业 - Python Web开发工程师」，点击链接即可保存。打开「夸克APP」，无需下载在线播放视频，畅享原画5倍速，支持电视投屏。
链接：https://pan.quark.cn/s/6bb7efcb9d9c",,2023-09-09 12:24,471,永久有效
/来自：分享,【网易云课堂-1002983015】静秋姐姐手把手教你做运营,"我用夸克网盘分享了「【网易云课堂-1002983015】静秋姐姐手把手教你做运营」，点击链接即可保存。打开「夸克APP」，无需下载在线播放视频，畅享原画5倍速，支持电视投屏。
链接：https://pan.quark.cn/s/c4262b778e18",,2023-09-09 11:37,281,永久有效
/来自：分享,【网易云课堂-1006472002】数据分析思维案例实战（思维篇）,"我用夸克网盘分享了「【网易云课堂-1006472002】数据分析思维案例实战（思维篇）」，点击链接即可保存。打开「夸克APP」，无需下载在线播放视频，畅享原画5倍速，支持电视投屏。
链接：https://pan.quark.cn/s/0484c04d74aa",,2023-09-09 10:32,265,永久有效
/来自：分享,【网易云课堂-1003590011】GEO、TCGA、Oncomine数据挖掘教程,"我用夸克网盘分享了「【网易云课堂-1003590011】GEO、TCGA、Oncomine数据挖掘教程」，点击链接即可保存。打开「夸克APP」，无需下载在线播放视频，畅享原画5倍速，支持电视投屏。
链接：https://pan.quark.cn/s/dfe2b177939c",,2023-09-09 01:44,149,永久有效
/来自：分享,【imooc-583】基于Flutter 3.x 实战跨平台仿抖音App混合开发,"我用夸克网盘分享了「【imooc-583】基于Flutter 3.x 实战跨平台仿抖音App混合开发」，点击链接即可保存。打开「夸克APP」，无需下载在线播放视频，畅享原画5倍速，支持电视投屏。
链接：https://pan.quark.cn/s/513d71873334",,2023-09-08 23:41,398,永久有效
/来自：分享,【网易云课堂-1002988003】求职面试 - 500强HR带你完美面试【全套版】,"我用夸克网盘分享了「【网易云课堂-1002988003】求职面试 - 500强HR带你完美面试【全套版】」，点击链接即可保存。打开「夸克APP」，无需下载在线播放视频，畅享原画5倍速，支持电视投屏。
链接：https://pan.quark.cn/s/d041daef5210",,2023-09-08 22:47,384,永久有效
/来自：分享,【lagou-pm__enhancement】产品经理高薪训练营,"我用夸克网盘分享了「【lagou-pm__enhancement】产品经理高薪训练营」，点击链接即可保存。打开「夸克APP」，无需下载在线播放视频，畅享原画5倍速，支持电视投屏。
链接：https://pan.quark.cn/s/f54b8ef8b015",,2023-09-08 21:44,511,永久有效
/来自：分享,【腾讯课堂-188957】医学方-R语言快速入门与数据清洗-一本R书走天涯系列课程,"我用夸克网盘分享了「【腾讯课堂-188957】医学方-R语言快速入门与数据清洗-一本R书走天涯系列课程」，点击链接即可保存。打开「夸克APP」，无需下载在线播放视频，畅享原画5倍速，支持电视投屏。
链接：https://pan.quark.cn/s/738e52cdd5f0",,2023-09-08 17:09,267,永久有效
/来自：分享,【网易云课堂-1001453003】微专业 - 用户研究员,"我用夸克网盘分享了「【网易云课堂-1001453003】微专业 - 用户研究员」，点击链接即可保存。打开「夸克APP」，无需下载在线播放视频，畅享原画5倍速，支持电视投屏。
链接：https://pan.quark.cn/s/6877652b4e2e",,2023-09-08 15:48,167,永久有效
/来自：分享,【小象学院】分布式爬虫实战 第二期,"我用夸克网盘分享了「【小象学院】分布式爬虫实战 第二期」，点击链接即可保存。打开「夸克APP」，无需下载在线播放视频，畅享原画5倍速，支持电视投屏。
链接：https://pan.quark.cn/s/e32d3c844746",,2023-09-08 13:46,310,永久有效
/来自：分享,【尚硅谷】Spring注解驱动开发,"我用夸克网盘分享了「【尚硅谷】Spring注解驱动开发」，点击链接即可保存。打开「夸克APP」，无需下载在线播放视频，畅享原画5倍速，支持电视投屏。
链接：https://pan.quark.cn/s/c374065d7b57",,2023-09-08 01:04,128,永久有效
/来自：分享,【极客时间-algorithm3rd】算法训练营2021版第0期,"我用夸克网盘分享了「【极客时间-algorithm3rd】算法训练营2021版第0期」，点击链接即可保存。打开「夸克APP」，无需下载在线播放视频，畅享原画5倍速，支持电视投屏。
链接：https://pan.quark.cn/s/9916a34f6ba4",,2023-09-07 22:56,349,永久有效
/来自：分享,【极客时间-go】Go进阶训练营 - 3期,"我用夸克网盘分享了「【极客时间-go】Go进阶训练营 - 3期」，点击链接即可保存。打开「夸克APP」，无需下载在线播放视频，畅享原画5倍速，支持电视投屏。
链接：https://pan.quark.cn/s/5a4c43e28bc8",,2023-09-07 21:26,282,永久有效
/来自：分享,【腾讯课堂-398381】【马士兵VIP课程】Java高级互联网架构师【马士兵教育】源码五班,"我用夸克网盘分享了「【腾讯课堂-398381】【马士兵VIP课程】Java高级互联网架构师【马士兵教育】源码五班」，点击链接即可保存。打开「夸克APP」，无需下载在线播放视频，畅享原画5倍速，支持电视投屏。
链接：https://pan.quark.cn/s/dd4ed6c9c19b",,2023-09-07 17:27,310,永久有效
/来自：分享,【网易云课堂-1442008】PS教程超级合辑【1000集2017版】,"我用夸克网盘分享了「【网易云课堂-1442008】PS教程超级合辑【1000集2017版】」，点击链接即可保存。打开「夸克APP」，无需下载在线播放视频，畅享原画5倍速，支持电视投屏。
链接：https://pan.quark.cn/s/83293dfbbc40",,2023-09-07 15:34,951,永久有效
/来自：分享,【网易云课堂-1001137001】微专业 - C++开发工程师,"我用夸克网盘分享了「【网易云课堂-1001137001】微专业 - C++开发工程师」，点击链接即可保存。打开「夸克APP」，无需下载在线播放视频，畅享原画5倍速，支持电视投屏。
链接：https://pan.quark.cn/s/0d7cce4f1da0",,2023-09-07 14:18,449,永久有效
/来自：分享,【网易云课堂-android_developer】微专业 - Android开发工程师,"我用夸克网盘分享了「【网易云课堂-android_developer】微专业 - Android开发工程师」，点击链接即可保存。打开「夸克APP」，无需下载在线播放视频，畅享原画5倍速，支持电视投屏。
链接：https://pan.quark.cn/s/37350477ba59",,2023-09-07 08:25,257,永久有效
/来自：分享,【网易云课堂-676012】如何学习《隐蔽催眠的艺术》,"我用夸克网盘分享了「【网易云课堂-676012】如何学习《隐蔽催眠的艺术》」，点击链接即可保存。打开「夸克APP」，无需下载在线播放视频，畅享原画5倍速，支持电视投屏。
链接：https://pan.quark.cn/s/383f7b1dde0a",,2023-09-06 17:50,314,永久有效
/来自：分享,【imooc-610】SpringBoot2.X + Vue + UniAPP，全栈开发医疗小程序,"我用夸克网盘分享了「【imooc-610】SpringBoot2.X + Vue + UniAPP，全栈开发医疗小程序」，点击链接即可保存。打开「夸克APP」，无需下载在线播放视频，畅享原画5倍速，支持电视投屏。
链接：https://pan.quark.cn/s/a5b454514339",,2023-09-06 16:53,798,永久有效
/来自：分享,【网易云课堂-28001】微专业 - 自由职业摄影师 Plus,"我用夸克网盘分享了「【网易云课堂-28001】微专业 - 自由职业摄影师 Plus」，点击链接即可保存。打开「夸克APP」，无需下载在线播放视频，畅享原画5倍速，支持电视投屏。
链接：https://pan.quark.cn/s/b74725c2270c",,2023-09-06 15:39,520,永久有效
/来自：分享,【网易云课堂-1004503017】R语言与高级医学统计学,"我用夸克网盘分享了「【网易云课堂-1004503017】R语言与高级医学统计学」，点击链接即可保存。打开「夸克APP」，无需下载在线播放视频，畅享原画5倍速，支持电视投屏。
链接：https://pan.quark.cn/s/eecc276d6599",,2023-09-06 14:24,269,永久有效
/来自：分享,【imooc-fe2021】体系课-前端工程师2022版_0基础学前端,"我用夸克网盘分享了「【imooc-fe2021】体系课-前端工程师2022版_0基础学前端」，点击链接即可保存。打开「夸克APP」，无需下载在线播放视频，畅享原画5倍速，支持电视投屏。
链接：https://pan.quark.cn/s/b348aeb2913f",,2023-09-06 11:16,505,永久有效
/来自：分享,【网易云课堂-1005103011】AE教程超级合辑【600集系统课】,"我用夸克网盘分享了「【网易云课堂-1005103011】AE教程超级合辑【600集系统课】」，点击链接即可保存。打开「夸克APP」，无需下载在线播放视频，畅享原画5倍速，支持电视投屏。
链接：https://pan.quark.cn/s/db6be55693f0",,2023-09-06 00:35,505,永久有效
/来自：分享,【小象学院】Python数据分析 升级版 第二期,"我用夸克网盘分享了「【小象学院】Python数据分析 升级版 第二期」，点击链接即可保存。打开「夸克APP」，无需下载在线播放视频，畅享原画5倍速，支持电视投屏。
链接：https://pan.quark.cn/s/e0b9d0d97118",,2023-09-05 23:00,256,永久有效
/来自：分享,【网易云课堂-924004】NLP智慧语言的魔力-全套沟通演讲,"我用夸克网盘分享了「【网易云课堂-924004】NLP智慧语言的魔力-全套沟通演讲」，点击链接即可保存。打开「夸克APP」，无需下载在线播放视频，畅享原画5倍速，支持电视投屏。
链接：https://pan.quark.cn/s/4070256518a2",,2023-09-05 21:13,458,永久有效
/来自：分享,【网易云课堂-1096026】向《华尔街日报》学图表（第1季）,"我用夸克网盘分享了「【网易云课堂-1096026】向《华尔街日报》学图表（第1季）」，点击链接即可保存。打开「夸克APP」，无需下载在线播放视频，畅享原画5倍速，支持电视投屏。
链接：https://pan.quark.cn/s/5412ea0552c8",,2023-09-05 17:48,184,永久有效
/来自：分享,【网易云课堂-2001369000】独立音乐制作人丨音频帮,"我用夸克网盘分享了「【网易云课堂-2001369000】独立音乐制作人丨音频帮」，点击链接即可保存。打开「夸克APP」，无需下载在线播放视频，畅享原画5倍速，支持电视投屏。
链接：https://pan.quark.cn/s/87fc89902212",,2023-09-05 16:37,233,永久有效
/来自：分享,【网易云课堂-1337018】向《经济学人》学图表,"我用夸克网盘分享了「【网易云课堂-1337018】向《经济学人》学图表」，点击链接即可保存。打开「夸克APP」，无需下载在线播放视频，畅享原画5倍速，支持电视投屏。
链接：https://pan.quark.cn/s/9da5089f6340",,2023-09-05 15:25,360,永久有效
/来自：分享,【imooc-webfullstack2021】大前端2022版,"我用夸克网盘分享了「【imooc-webfullstack2021】大前端2022版」，点击链接即可保存。打开「夸克APP」，无需下载在线播放视频，畅享原画5倍速，支持电视投屏。
链接：https://pan.quark.cn/s/540e0182d7b6",,2023-09-05 01:46,544,永久有效
/来自：分享,【网易云课堂-1001113001】微专业 - UI设计师,"我用夸克网盘分享了「【网易云课堂-1001113001】微专业 - UI设计师」，点击链接即可保存。打开「夸克APP」，无需下载在线播放视频，畅享原画5倍速，支持电视投屏。
链接：https://pan.quark.cn/s/8b497f03e7e3",,2023-09-04 22:44,264,永久有效
/来自：分享,【imooc-project】Java 亿级项目架构设计与落地应用,"我用夸克网盘分享了「【imooc-project】Java 亿级项目架构设计与落地应用」，点击链接即可保存。打开「夸克APP」，无需下载在线播放视频，畅享原画5倍速，支持电视投屏。
链接：https://pan.quark.cn/s/cd74afe777fd",,2023-09-04 21:36,453,永久有效
/来自：分享,微淼 - 财务自由财企分析技能课,"我用夸克网盘分享了「微淼 - 财务自由财企分析技能课」，点击链接即可保存。打开「夸克APP」，无需下载在线播放视频，畅享原画5倍速，支持电视投屏。
链接：https://pan.quark.cn/s/d67e6a548df6",,2023-09-04 16:00,290,永久有效
/来自：分享,【网易云课堂-1002989015】Excel从入门到忘记,"我用夸克网盘分享了「【网易云课堂-1002989015】Excel从入门到忘记」，点击链接即可保存。打开「夸克APP」，无需下载在线播放视频，畅享原画5倍速，支持电视投屏。
链接：https://pan.quark.cn/s/2c226a5779a5",,2023-09-04 14:54,409,永久有效
/来自：分享,【咕泡学院】Java架构师04期-2020,"我用夸克网盘分享了「【咕泡学院】Java架构师04期-2020」，点击链接即可保存。打开「夸克APP」，无需下载在线播放视频，畅享原画5倍速，支持电视投屏。
链接：https://pan.quark.cn/s/9188b0c087b1",,2023-09-04 00:42,357,永久有效
/来自：分享,【腾讯课堂-398381】【马士兵VIP课程】Java高级互联网架构师【马士兵教育】精英四班,"我用夸克网盘分享了「【腾讯课堂-398381】【马士兵VIP课程】Java高级互联网架构师【马士兵教育】精英四班」，点击链接即可保存。打开「夸克APP」，无需下载在线播放视频，畅享原画5倍速，支持电视投屏。
链接：https://pan.quark.cn/s/0941fd7721ea",,2023-09-03 22:39,345,永久有效
/来自：分享,【网易云课堂-1004331019】全民一起VBA实战篇(Excel数据处理),"我用夸克网盘分享了「【网易云课堂-1004331019】全民一起VBA实战篇(Excel数据处理)」，点击链接即可保存。打开「夸克APP」，无需下载在线播放视频，畅享原画5倍速，支持电视投屏。
链接：https://pan.quark.cn/s/e684eddd5b21",,2023-09-03 21:13,289,永久有效
/来自：分享,【网易云课堂-1003272001】全民一起VBA基础+提高篇(Excel),"我用夸克网盘分享了「【网易云课堂-1003272001】全民一起VBA基础+提高篇(Excel)」，点击链接即可保存。打开「夸克APP」，无需下载在线播放视频，畅享原画5倍速，支持电视投屏。
链接：https://pan.quark.cn/s/ebe090e8e466",,2023-09-03 17:45,346,永久有效
/来自：分享,【网易云课堂-85002】微专业 - Java开发工程师（Web方向）,"我用夸克网盘分享了「【网易云课堂-85002】微专业 - Java开发工程师（Web方向）」，点击链接即可保存。打开「夸克APP」，无需下载在线播放视频，畅享原画5倍速，支持电视投屏。
链接：https://pan.quark.cn/s/18edec872e86",,2023-09-03 01:33,216,永久有效
/来自：分享,【imooc-185】Python3数据分析与挖掘建模实战，快速胜任数据分析师,"我用夸克网盘分享了「【imooc-185】Python3数据分析与挖掘建模实战，快速胜任数据分析师」，点击链接即可保存。打开「夸克APP」，无需下载在线播放视频，畅享原画5倍速，支持电视投屏。
链接：https://pan.quark.cn/s/b0f476b1e93e",,2023-09-01 23:19,304,永久有效
/来自：分享,【网易云课堂-1003743015】最强思维导图训练营,"我用夸克网盘分享了「【网易云课堂-1003743015】最强思维导图训练营」，点击链接即可保存。打开「夸克APP」，无需下载在线播放视频，畅享原画5倍速，支持电视投屏。
链接：https://pan.quark.cn/s/7db4c94c5d35",,2023-09-01 22:39,410,永久有效
/来自：分享,【网易云课堂-1001475001】微专业 - Java基础入门,"我用夸克网盘分享了「【网易云课堂-1001475001】微专业 - Java基础入门」，点击链接即可保存。打开「夸克APP」，无需下载在线播放视频，畅享原画5倍速，支持电视投屏。
链接：https://pan.quark.cn/s/14cb71e8aa94",,2023-09-01 21:19,391,永久有效
/来自：分享,【imooc-249】Python3实战Spark大数据分析及调度,"我用夸克网盘分享了「【imooc-249】Python3实战Spark大数据分析及调度」，点击链接即可保存。打开「夸克APP」，无需下载在线播放视频，畅享原画5倍速，支持电视投屏。
链接：https://pan.quark.cn/s/0c000426bf24",,2023-09-01 18:00,234,永久有效
/来自：分享,【开课吧】JavaEE企业级分布式高级架构师011期,"我用夸克网盘分享了「【开课吧】JavaEE企业级分布式高级架构师011期」，点击链接即可保存。打开「夸克APP」，无需下载在线播放视频，畅享原画5倍速，支持电视投屏。
链接：https://pan.quark.cn/s/37fc335b3a2a",,2023-09-01 16:46,200,永久有效
/来自：分享,【网易云课堂-773018】零基础，30天，学会广告策划,"我用夸克网盘分享了「【网易云课堂-773018】零基础，30天，学会广告策划」，点击链接即可保存。打开「夸克APP」，无需下载在线播放视频，畅享原画5倍速，支持电视投屏。
链接：https://pan.quark.cn/s/3006d60c71e2",,2023-09-01 15:03,247,永久有效
/来自：分享,【CDA数据分析师】CDA数据分析就业班 - 0329期,"我用夸克网盘分享了「【CDA数据分析师】CDA数据分析就业班 - 0329期」，点击链接即可保存。打开「夸克APP」，无需下载在线播放视频，畅享原画5倍速，支持电视投屏。
链接：https://pan.quark.cn/s/497dda5b87a7",,2023-09-01 12:18,293,永久有效
/来自：分享,【网易云课堂-1444002】成为HR专家的必修课,"我用夸克网盘分享了「【网易云课堂-1444002】成为HR专家的必修课」，点击链接即可保存。打开「夸克APP」，无需下载在线播放视频，畅享原画5倍速，支持电视投屏。
链接：https://pan.quark.cn/s/279942053de9",,2023-09-01 01:58,217,永久有效
/来自：分享,【网易云课堂-1209105812】90天Java进阶训练营三期,"我用夸克网盘分享了「【网易云课堂-1209105812】90天Java进阶训练营三期」，点击链接即可保存。打开「夸克APP」，无需下载在线播放视频，畅享原画5倍速，支持电视投屏。
链接：https://pan.quark.cn/s/edb73e426ac0",,2023-08-31 22:42,342,永久有效
/来自：分享,【网易云课堂-1004779012】张新民《财务报表分析》完整版,"我用夸克网盘分享了「【网易云课堂-1004779012】张新民《财务报表分析》完整版」，点击链接即可保存。打开「夸克APP」，无需下载在线播放视频，畅享原画5倍速，支持电视投屏。
链接：https://pan.quark.cn/s/f6704462e1a8",,2023-08-31 17:56,362,永久有效
/来自：分享,【网易云课堂-1004119028】邢不行—Python股票量化投资课程,"我用夸克网盘分享了「【网易云课堂-1004119028】邢不行—Python股票量化投资课程」，点击链接即可保存。打开「夸克APP」，无需下载在线播放视频，畅享原画5倍速，支持电视投屏。
链接：https://pan.quark.cn/s/7917732f34fa",,2023-08-31 16:02,887,永久有效
/来自：分享,【虎课网-2446】趣味平面设计说明书,"我用夸克网盘分享了「【虎课网-2446】趣味平面设计说明书」，点击链接即可保存。打开「夸克APP」，无需下载在线播放视频，畅享原画5倍速，支持电视投屏。
链接：https://pan.quark.cn/s/59fde573a9da",,2023-08-31 14:47,220,永久有效
/来自：分享,【网易云课堂-1005934021】人像高手训练营（第一季）,"我用夸克网盘分享了「【网易云课堂-1005934021】人像高手训练营（第一季）」，点击链接即可保存。打开「夸克APP」，无需下载在线播放视频，畅享原画5倍速，支持电视投屏。
链接：https://pan.quark.cn/s/8c9246ee20e5",,2023-08-31 12:57,347,永久有效
/来自：分享,【奈学科技】P7大数据架构师5期,"我用夸克网盘分享了「【奈学科技】P7大数据架构师5期」，点击链接即可保存。打开「夸克APP」，无需下载在线播放视频，畅享原画5倍速，支持电视投屏。
链接：https://pan.quark.cn/s/5c9da3c8bb88",,2023-08-31 00:24,345,永久有效
/来自：分享,【每特教育】每特教育第十期VIP课,"我用夸克网盘分享了「【每特教育】每特教育第十期VIP课」，点击链接即可保存。打开「夸克APP」，无需下载在线播放视频，畅享原画5倍速，支持电视投屏。
链接：https://pan.quark.cn/s/1e7b3d09bf7f",,2023-08-30 22:52,358,永久有效
/来自：分享,微淼 - 财务自由工具操作技能课,"我用夸克网盘分享了「微淼 - 财务自由工具操作技能课」，点击链接即可保存。打开「夸克APP」，无需下载在线播放视频，畅享原画5倍速，支持电视投屏。
链接：https://pan.quark.cn/s/39d0d839c438",,2023-08-30 21:53,291,永久有效
/来自：分享,【极客时间-100024601】Vue 开发实战,"我用夸克网盘分享了「【极客时间-100024601】Vue 开发实战」，点击链接即可保存。打开「夸克APP」，无需下载在线播放视频，畅享原画5倍速，支持电视投屏。
链接：https://pan.quark.cn/s/82a7d026eb60",,2023-08-30 16:54,356,永久有效
/来自：分享,【网易云课堂-1096085】英语思维：快速建立语法体系,"我用夸克网盘分享了「【网易云课堂-1096085】英语思维：快速建立语法体系」，点击链接即可保存。打开「夸克APP」，无需下载在线播放视频，畅享原画5倍速，支持电视投屏。
链接：https://pan.quark.cn/s/d144c172af46",,2023-08-30 15:31,546,永久有效
/来自：分享,【大鹏教育】数据库MySQL课,"我用夸克网盘分享了「【大鹏教育】数据库MySQL课」，点击链接即可保存。打开「夸克APP」，无需下载在线播放视频，畅享原画5倍速，支持电视投屏。
链接：https://pan.quark.cn/s/7acf6b8bdcb5",,2023-08-29 23:13,486,永久有效
/来自：分享,【imooc-561】全局视角系统学习《推荐系统》，实战中提升竞争力,"我用夸克网盘分享了「【imooc-561】全局视角系统学习《推荐系统》，实战中提升竞争力」，点击链接即可保存。打开「夸克APP」，无需下载在线播放视频，畅享原画5倍速，支持电视投屏。
链接：https://pan.quark.cn/s/7147c6bbc801",,2023-08-29 21:46,264,永久有效
/来自：分享,【lagou】数据结构与算法特训营二期,"我用夸克网盘分享了「【lagou】数据结构与算法特训营二期」，点击链接即可保存。打开「夸克APP」，无需下载在线播放视频，畅享原画5倍速，支持电视投屏。
链接：https://pan.quark.cn/s/56ac17228d59",,2023-08-29 20:33,350,永久有效
/来自：分享,【腾讯课堂-398381】【马士兵VIP课程】Java高级互联网架构师【马士兵教育】精英三班,"我用夸克网盘分享了「【腾讯课堂-398381】【马士兵VIP课程】Java高级互联网架构师【马士兵教育】精英三班」，点击链接即可保存。打开「夸克APP」，无需下载在线播放视频，畅享原画5倍速，支持电视投屏。
链接：https://pan.quark.cn/s/16a7f0857bd8",,2023-08-29 17:27,322,永久有效
/来自：分享,【网易云课堂-1001477003】微专业 - 网易电商数据分析实战攻略,"我用夸克网盘分享了「【网易云课堂-1001477003】微专业 - 网易电商数据分析实战攻略」，点击链接即可保存。打开「夸克APP」，无需下载在线播放视频，畅享原画5倍速，支持电视投屏。
链接：https://pan.quark.cn/s/d2b38a6022e2",,2023-08-28 16:45,314,永久有效
/来自：分享,【网易云课堂】李江南 - 从零玩转Web全栈大神班,"我用夸克网盘分享了「【网易云课堂】李江南 - 从零玩转Web全栈大神班」，点击链接即可保存。打开「夸克APP」，无需下载在线播放视频，畅享原画5倍速，支持电视投屏。
链接：https://pan.quark.cn/s/bf724246e4e5",,2023-08-28 12:14,398,永久有效
/来自：分享,【大鹏教育】Excel数据分析与可视化,"我用夸克网盘分享了「【大鹏教育】Excel数据分析与可视化」，点击链接即可保存。打开「夸克APP」，无需下载在线播放视频，畅享原画5倍速，支持电视投屏。
链接：https://pan.quark.cn/s/ab71b2c61722",,2023-08-28 00:29,366,永久有效
/来自：分享,岭洋网校-新白《从零开始学淘宝开店》淘宝网店运营课程,"我用夸克网盘分享了「岭洋网校-新白《从零开始学淘宝开店》淘宝网店运营课程」，点击链接即可保存。打开「夸克APP」，无需下载在线播放视频，畅享原画5倍速，支持电视投屏。
链接：https://pan.quark.cn/s/7e56078ac3cd",,2023-08-27 16:45,363,永久有效
/来自：分享,【天善智能】数据分析师八大能力培养,"我用夸克网盘分享了「【天善智能】数据分析师八大能力培养」，点击链接即可保存。打开「夸克APP」，无需下载在线播放视频，畅享原画5倍速，支持电视投屏。
链接：https://pan.quark.cn/s/516d5406e94f",,2023-08-27 15:26,250,永久有效
/来自：分享,【腾讯课堂-398381】【马士兵VIP课程】Java高级互联网架构师【马士兵教育】滚动二班,"我用夸克网盘分享了「【腾讯课堂-398381】【马士兵VIP课程】Java高级互联网架构师【马士兵教育】滚动二班」，点击链接即可保存。打开「夸克APP」，无需下载在线播放视频，畅享原画5倍速，支持电视投屏。
链接：https://pan.quark.cn/s/de5908508098",,2023-08-27 12:33,328,永久有效
/来自：分享,【趣课多】赵亮 - 超能英语,"我用夸克网盘分享了「【趣课多】赵亮 - 超能英语」，点击链接即可保存。打开「夸克APP」，无需下载在线播放视频，畅享原画5倍速，支持电视投屏。
链接：https://pan.quark.cn/s/f9155a1ca915",,2023-08-27 11:35,642,永久有效
/来自：分享,AI辅助设计训练营：基础入门与初步应用课程+深入实战课程,"我用夸克网盘分享了「AI辅助设计训练营：基础入门与初步应用课程+深入实战课程」，点击链接即可保存。打开「夸克APP」，无需下载在线播放视频，畅享原画5倍速，支持电视投屏。
链接：https://pan.quark.cn/s/739fc121ba60",,2023-08-27 00:10,518,永久有效
/来自：分享,米杰-小红书电商项目：从小白到精英实战训练营,"我用夸克网盘分享了「米杰-小红书电商项目：从小白到精英实战训练营」，点击链接即可保存。打开「夸克APP」，无需下载在线播放视频，畅享原画5倍速，支持电视投屏。
链接：https://pan.quark.cn/s/1860cede4274",,2023-08-26 23:04,714,永久有效
/来自：分享,【网易云课堂-1001359001】微专业 - 数据挖掘分析之Python篇,"我用夸克网盘分享了「【网易云课堂-1001359001】微专业 - 数据挖掘分析之Python篇」，点击链接即可保存。打开「夸克APP」，无需下载在线播放视频，畅享原画5倍速，支持电视投屏。
链接：https://pan.quark.cn/s/08a96e0f2786",,2023-08-26 18:00,529,永久有效
/来自：分享,【老男孩教育】Linux云计算运维 线下脱产班 77期,"我用夸克网盘分享了「【老男孩教育】Linux云计算运维 线下脱产班 77期」，点击链接即可保存。打开「夸克APP」，无需下载在线播放视频，畅享原画5倍速，支持电视投屏。
链接：https://pan.quark.cn/s/5d0007875745",,2023-08-26 16:33,1438,永久有效
/来自：分享,【大鹏教育】Python数据分析与可视化,"我用夸克网盘分享了「【大鹏教育】Python数据分析与可视化」，点击链接即可保存。打开「夸克APP」，无需下载在线播放视频，畅享原画5倍速，支持电视投屏。
链接：https://pan.quark.cn/s/9064dfc7e267",,2023-08-26 13:13,366,永久有效
/来自：分享,【极客时间-100024001】Go 语言从入门到实战,"我用夸克网盘分享了「【极客时间-100024001】Go 语言从入门到实战」，点击链接即可保存。打开「夸克APP」，无需下载在线播放视频，畅享原画5倍速，支持电视投屏。
链接：https://pan.quark.cn/s/5c9b21e54cdd",,2023-08-26 11:24,311,永久有效
/来自：分享,【网易云课堂-1202851605】微专业 - 高级前端开发工程师,"我用夸克网盘分享了「【网易云课堂-1202851605】微专业 - 高级前端开发工程师」，点击链接即可保存。打开「夸克APP」，无需下载在线播放视频，畅享原画5倍速，支持电视投屏。
链接：https://pan.quark.cn/s/45ec88887c7d",,2023-08-25 22:40,434,永久有效
/来自：分享,【imooc-553】Taro3+Mysql+Express开发企业级出行全栈项目,"我用夸克网盘分享了「【imooc-553】Taro3+Mysql+Express开发企业级出行全栈项目」，点击链接即可保存。打开「夸克APP」，无需下载在线播放视频，畅享原画5倍速，支持电视投屏。
链接：https://pan.quark.cn/s/f62a3d92d97f",,2023-08-25 21:46,258,永久有效
/来自：分享,【开课吧】算法工程师-高级深度学习,"我用夸克网盘分享了「【开课吧】算法工程师-高级深度学习」，点击链接即可保存。打开「夸克APP」，无需下载在线播放视频，畅享原画5倍速，支持电视投屏。
链接：https://pan.quark.cn/s/c1913f690eaf",,2023-08-25 15:44,555,永久有效
/来自：分享,【大鹏教育】BI(商务智能)工具课,"我用夸克网盘分享了「【大鹏教育】BI(商务智能)工具课」，点击链接即可保存。打开「夸克APP」，无需下载在线播放视频，畅享原画5倍速，支持电视投屏。
链接：https://pan.quark.cn/s/074a086fa890",,2023-08-25 14:41,244,永久有效
/来自：分享,【千峰教育】大前端 - 大连 - 2106班,"我用夸克网盘分享了「【千峰教育】大前端 - 大连 - 2106班」，点击链接即可保存。打开「夸克APP」，无需下载在线播放视频，畅享原画5倍速，支持电视投屏。
链接：https://pan.quark.cn/s/a89558408fe9",,2023-08-25 13:42,388,永久有效
/来自：分享,【腾讯课堂-1236952】零基础英语语法,"我用夸克网盘分享了「【腾讯课堂-1236952】零基础英语语法」，点击链接即可保存。打开「夸克APP」，无需下载在线播放视频，畅享原画5倍速，支持电视投屏。
链接：https://pan.quark.cn/s/ced412eb1759",,2023-08-25 07:55,508,永久有效
/来自：分享,【马士兵教育】网络安全大师课,"我用夸克网盘分享了「【马士兵教育】网络安全大师课」，点击链接即可保存。打开「夸克APP」，无需下载在线播放视频，畅享原画5倍速，支持电视投屏。
链接：https://pan.quark.cn/s/40737a4ccb0f",,2023-08-25 00:28,713,永久有效
/来自：分享,诺思星 - 抖音影视混剪变现课,"我用夸克网盘分享了「诺思星 - 抖音影视混剪变现课」，点击链接即可保存。打开「夸克APP」，无需下载在线播放视频，畅享原画5倍速，支持电视投屏。
链接：https://pan.quark.cn/s/1d8f46024c0c",,2023-08-24 23:20,559,永久有效
/来自：分享,跟全球iPhone摄影大赛“年度最佳摄影师”学手机摄影,"我用夸克网盘分享了「跟全球iPhone摄影大赛“年度最佳摄影师”学手机摄影」，点击链接即可保存。打开「夸克APP」，无需下载在线播放视频，畅享原画5倍速，支持电视投屏。
链接：https://pan.quark.cn/s/b375531e4231",,2023-08-24 17:38,484,永久有效
/来自：分享,【腾讯课堂-398381】【马士兵VIP课程】Java高级互联网架构师【马士兵教育】精英一班,"我用夸克网盘分享了「【腾讯课堂-398381】【马士兵VIP课程】Java高级互联网架构师【马士兵教育】精英一班」，点击链接即可保存。打开「夸克APP」，无需下载在线播放视频，畅享原画5倍速，支持电视投屏。
链接：https://pan.quark.cn/s/544ef320b63d",,2023-08-24 16:13,445,永久有效
/来自：分享,微淼 - 财务报表分析技能课,"我用夸克网盘分享了「微淼 - 财务报表分析技能课」，点击链接即可保存。打开「夸克APP」，无需下载在线播放视频，畅享原画5倍速，支持电视投屏。
链接：https://pan.quark.cn/s/be7fcec34383",,2023-08-24 14:47,267,永久有效
/来自：分享,极简英语 - 英语能力系统提升班,"我用夸克网盘分享了「极简英语 - 英语能力系统提升班」，点击链接即可保存。打开「夸克APP」，无需下载在线播放视频，畅享原画5倍速，支持电视投屏。
链接：https://pan.quark.cn/s/135fc8bebde5",,2023-08-24 12:46,479,永久有效
/来自：分享,【百战程序员】Python全栈工程师,"我用夸克网盘分享了「【百战程序员】Python全栈工程师」，点击链接即可保存。打开「夸克APP」，无需下载在线播放视频，畅享原画5倍速，支持电视投屏。
链接：https://pan.quark.cn/s/b693f9f9e318",,2023-08-24 04:40,1163,永久有效
/来自：分享,【lagou-java_basic】Java工程师高薪训练营-2021,"我用夸克网盘分享了「【lagou-java_basic】Java工程师高薪训练营-2021」，点击链接即可保存。打开「夸克APP」，无需下载在线播放视频，畅享原画5倍速，支持电视投屏。
链接：https://pan.quark.cn/s/5b126d339b19",,2023-08-23 22:23,345,永久有效
/来自：分享,【imooc-204】Java接口自动化测试实战，搞定理论基础+典型应用场景,"我用夸克网盘分享了「【imooc-204】Java接口自动化测试实战，搞定理论基础+典型应用场景」，点击链接即可保存。打开「夸克APP」，无需下载在线播放视频，畅享原画5倍速，支持电视投屏。
链接：https://pan.quark.cn/s/f849581c7901",,2023-08-23 16:57,245,永久有效
/来自：分享,【网易云课堂】手机摄影技巧：从0到1用手机拍出酷炫短视频Vlog,"我用夸克网盘分享了「【网易云课堂】手机摄影技巧：从0到1用手机拍出酷炫短视频Vlog」，点击链接即可保存。打开「夸克APP」，无需下载在线播放视频，畅享原画5倍速，支持电视投屏。
链接：https://pan.quark.cn/s/724cb9cf2dfc",,2023-08-23 16:00,564,永久有效
/来自：分享,【开课吧】人工智能核心能力培养计划 007期,"我用夸克网盘分享了「【开课吧】人工智能核心能力培养计划 007期」，点击链接即可保存。打开「夸克APP」，无需下载在线播放视频，畅享原画5倍速，支持电视投屏。
链接：https://pan.quark.cn/s/42d64c5f3b61",,2023-08-23 15:14,464,永久有效
/来自：分享,【imooc-575】快速掌握前端必会的 7 种设计模式,"我用夸克网盘分享了「【imooc-575】快速掌握前端必会的 7 种设计模式」，点击链接即可保存。打开「夸克APP」，无需下载在线播放视频，畅享原画5倍速，支持电视投屏。
链接：https://pan.quark.cn/s/557d4db7bc9c",,2023-08-23 13:53,206,永久有效
/来自：分享,七巷论-千川从0开始实操篇2023年,"我用夸克网盘分享了「七巷论-千川从0开始实操篇2023年」，点击链接即可保存。打开「夸克APP」，无需下载在线播放视频，畅享原画5倍速，支持电视投屏。
链接：https://pan.quark.cn/s/ce74153212a9",,2023-08-23 08:55,241,永久有效
/来自：分享,【天善智能】磨剑之作，七周成“师”！秦路主讲，七周成为数据分析师,"我用夸克网盘分享了「【天善智能】磨剑之作，七周成“师”！秦路主讲，七周成为数据分析师」，点击链接即可保存。打开「夸克APP」，无需下载在线播放视频，畅享原画5倍速，支持电视投屏。
链接：https://pan.quark.cn/s/936960650e9a",,2023-08-23 06:07,357,永久有效
/来自：分享,抖音电商训练营：从入门到精通，从账号定位到流量变现，抖店运营实操,"我用夸克网盘分享了「抖音电商训练营：从入门到精通，从账号定位到流量变现，抖店运营实操」，点击链接即可保存。打开「夸克APP」，无需下载在线播放视频，畅享原画5倍速，支持电视投屏。
链接：https://pan.quark.cn/s/31fd9884e517",,2023-08-22 16:47,764,永久有效
/来自：分享,【imooc-449】Vue3.0(正式版) + TS 仿知乎专栏企业级项目 深度剖析Vue3新特性,"我用夸克网盘分享了「【imooc-449】Vue3.0(正式版) + TS 仿知乎专栏企业级项目 深度剖析Vue3新特性」，点击链接即可保存。打开「夸克APP」，无需下载在线播放视频，畅享原画5倍速，支持电视投屏。
链接：https://pan.quark.cn/s/761eb3504f53",,2023-08-22 09:53,358,永久有效
/来自：分享,【腾讯课堂-180101】Python 网络爬虫数据采集 【优品课堂】,"我用夸克网盘分享了「【腾讯课堂-180101】Python 网络爬虫数据采集 【优品课堂】」，点击链接即可保存。打开「夸克APP」，无需下载在线播放视频，畅享原画5倍速，支持电视投屏。
链接：https://pan.quark.cn/s/26d86dd62017",,2023-08-22 04:52,641,永久有效
/来自：分享,【TK增长会】TikTok外贸工厂陪跑训练营,"我用夸克网盘分享了「【TK增长会】TikTok外贸工厂陪跑训练营」，点击链接即可保存。打开「夸克APP」，无需下载在线播放视频，畅享原画5倍速，支持电视投屏。
链接：https://pan.quark.cn/s/822c67b47d4e",,2023-08-22 00:45,387,永久有效
/来自：分享,【黑马程序员】解密JVM虚拟机底层原理,"我用夸克网盘分享了「【黑马程序员】解密JVM虚拟机底层原理」，点击链接即可保存。打开「夸克APP」，无需下载在线播放视频，畅享原画5倍速，支持电视投屏。
链接：https://pan.quark.cn/s/62e0beebd0e7",,2023-08-21 23:37,283,永久有效
/来自：分享,【大咖课堂】蝉妈妈×尹晨俱乐部：千川从0到1爆量投放模型,"我用夸克网盘分享了「【大咖课堂】蝉妈妈×尹晨俱乐部：千川从0到1爆量投放模型」，点击链接即可保存。打开「夸克APP」，无需下载在线播放视频，畅享原画5倍速，支持电视投屏。
链接：https://pan.quark.cn/s/b505429399ea",,2023-08-21 20:56,218,永久有效
/来自：分享,【腾讯课堂-26377】Java从0到架构师①②③④合辑,"我用夸克网盘分享了「【腾讯课堂-26377】Java从0到架构师①②③④合辑」，点击链接即可保存。打开「夸克APP」，无需下载在线播放视频，畅享原画5倍速，支持电视投屏。
链接：https://pan.quark.cn/s/1b5f834d8ded",,2023-08-21 16:24,424,永久有效
/来自：分享,佩佩出品 - 小红书无货源电商,"我用夸克网盘分享了「佩佩出品 - 小红书无货源电商」，点击链接即可保存。打开「夸克APP」，无需下载在线播放视频，畅享原画5倍速，支持电视投屏。
链接：https://pan.quark.cn/s/2c3d96caae9e",,2023-08-21 15:26,1125,永久有效
/来自：分享,交个朋友电商学苑 - 教你从0-1，做出优秀的电商短视频,"我用夸克网盘分享了「交个朋友电商学苑 - 教你从0-1，做出优秀的电商短视频」，点击链接即可保存。打开「夸克APP」，无需下载在线播放视频，畅享原画5倍速，支持电视投屏。
链接：https://pan.quark.cn/s/99d0518d3b1a",,2023-08-21 13:09,753,永久有效
/来自：分享,【网易云课堂-1002812011】Excel Power Pivot建模分析_基础,"我用夸克网盘分享了「【网易云课堂-1002812011】Excel Power Pivot建模分析_基础」，点击链接即可保存。打开「夸克APP」，无需下载在线播放视频，畅享原画5倍速，支持电视投屏。
链接：https://pan.quark.cn/s/efa32a820367",,2023-08-20 21:26,326,永久有效
/来自：分享,【黑马程序员】3天深入学习分布式事务应用及解决方案,"我用夸克网盘分享了「【黑马程序员】3天深入学习分布式事务应用及解决方案」，点击链接即可保存。打开「夸克APP」，无需下载在线播放视频，畅享原画5倍速，支持电视投屏。
链接：https://pan.quark.cn/s/058e0f0309c1",,2023-08-20 17:11,246,永久有效
../安卓DIY,【VivaCut】,"我用夸克网盘分享了「【VivaCut】」，点击链接即可保存。打开「夸克APP」，无需下载在线播放视频，畅享原画5倍速，支持电视投屏。
链接：https://pan.quark.cn/s/f0630a32dd5d",,2023-08-20 16:05,1024,永久有效
/来自：分享,瀚文老师 · 2023短视频新差异化起号,"我用夸克网盘分享了「瀚文老师 · 2023短视频新差异化起号」，点击链接即可保存。打开「夸克APP」，无需下载在线播放视频，畅享原画5倍速，支持电视投屏。
链接：https://pan.quark.cn/s/11bbdbbdeae0",,2023-08-20 15:43,301,永久有效
/来自：分享,壹贰叁电商学院 淘宝新手开店教程 + 高级运营教程,"我用夸克网盘分享了「壹贰叁电商学院 淘宝新手开店教程 + 高级运营教程」，点击链接即可保存。打开「夸克APP」，无需下载在线播放视频，畅享原画5倍速，支持电视投屏。
链接：https://pan.quark.cn/s/4c9c78e2d9e1",,2023-08-20 12:56,641,永久有效
/来自：分享,宋大大美食短视频怎么用专业的微单设备完成拍摄,"我用夸克网盘分享了「宋大大美食短视频怎么用专业的微单设备完成拍摄」，点击链接即可保存。打开「夸克APP」，无需下载在线播放视频，畅享原画5倍速，支持电视投屏。
链接：https://pan.quark.cn/s/6657c3281e81",,2023-08-20 00:58,264,永久有效
/来自：分享,【龙果学院】从0开始用Java做智慧农业物联网,"我用夸克网盘分享了「【龙果学院】从0开始用Java做智慧农业物联网」，点击链接即可保存。打开「夸克APP」，无需下载在线播放视频，畅享原画5倍速，支持电视投屏。
链接：https://pan.quark.cn/s/75950f688e83",,2023-08-19 22:51,423,永久有效
/来自：分享,【imooc-125】基于Spring Boot技术栈博客系统企业级前后端实战,"我用夸克网盘分享了「【imooc-125】基于Spring Boot技术栈博客系统企业级前后端实战」，点击链接即可保存。打开「夸克APP」，无需下载在线播放视频，畅享原画5倍速，支持电视投屏。
链接：https://pan.quark.cn/s/98964243736c",,2023-08-19 17:30,286,永久有效
../安卓游戏DIY,【TheoTown】城市模拟器,"我用夸克网盘分享了「【TheoTown】城市模拟器」，点击链接即可保存。打开「夸克APP」，无需下载在线播放视频，畅享原画5倍速，支持电视投屏。
链接：https://pan.quark.cn/s/4c2fecc56e04",,2023-08-19 15:56,283,永久有效
/来自：分享,【路飞学城】爬虫开发+APP逆向超级大神班-06期,"我用夸克网盘分享了「【路飞学城】爬虫开发+APP逆向超级大神班-06期」，点击链接即可保存。打开「夸克APP」，无需下载在线播放视频，畅享原画5倍速，支持电视投屏。
链接：https://pan.quark.cn/s/ad0bbb0ed2c9",,2023-08-19 15:07,1229,永久有效
/来自：分享,【imooc-209】Spring Boot2.0不容错过的新特性 WebFlux响应式编程,"我用夸克网盘分享了「【imooc-209】Spring Boot2.0不容错过的新特性 WebFlux响应式编程」，点击链接即可保存。打开「夸克APP」，无需下载在线播放视频，畅享原画5倍速，支持电视投屏。
链接：https://pan.quark.cn/s/5bf0a4026479",,2023-08-19 12:40,148,永久有效
/来自：分享,【开课吧】数据分析高薪培养计划-就业班35期,"我用夸克网盘分享了「【开课吧】数据分析高薪培养计划-就业班35期」，点击链接即可保存。打开「夸克APP」，无需下载在线播放视频，畅享原画5倍速，支持电视投屏。
链接：https://pan.quark.cn/s/96ddbba3acbe",,2023-08-19 01:04,350,永久有效
/来自：分享,【黑马程序员】工作流引擎Activiti7基础到进阶,"我用夸克网盘分享了「【黑马程序员】工作流引擎Activiti7基础到进阶」，点击链接即可保存。打开「夸克APP」，无需下载在线播放视频，畅享原画5倍速，支持电视投屏。
链接：https://pan.quark.cn/s/9e54d097a0b9",,2023-08-18 22:25,247,永久有效
/来自：分享,网红叫兽-新手7天快速起号：dou+起号运营实战课程,"我用夸克网盘分享了「网红叫兽-新手7天快速起号：dou+起号运营实战课程」，点击链接即可保存。打开「夸克APP」，无需下载在线播放视频，畅享原画5倍速，支持电视投屏。
链接：https://pan.quark.cn/s/206abb7334e6",,2023-08-18 16:51,323,永久有效
/来自：分享,【网易云课堂-1003162016】PPT从菜鸟到高手实用教程,"我用夸克网盘分享了「【网易云课堂-1003162016】PPT从菜鸟到高手实用教程」，点击链接即可保存。打开「夸克APP」，无需下载在线播放视频，畅享原画5倍速，支持电视投屏。
链接：https://pan.quark.cn/s/c9cc28cf4582",,2023-08-18 15:38,414,永久有效
/来自：分享,【催学社】Vue3源码实战课,"我用夸克网盘分享了「【催学社】Vue3源码实战课」，点击链接即可保存。打开「夸克APP」，无需下载在线播放视频，畅享原画5倍速，支持电视投屏。
链接：https://pan.quark.cn/s/12475476d2e4",,2023-08-18 14:33,421,永久有效
/来自：分享,【小镇做号家】个人IP起号课程,"我用夸克网盘分享了「【小镇做号家】个人IP起号课程」，点击链接即可保存。打开「夸克APP」，无需下载在线播放视频，畅享原画5倍速，支持电视投屏。
链接：https://pan.quark.cn/s/37c77e469458",,2023-08-18 10:54,379,永久有效
/来自：分享,【imooc-187】SpringCloud Finchley(M2+RELEASE+SR2)微服务实战,"我用夸克网盘分享了「【imooc-187】SpringCloud Finchley(M2+RELEASE+SR2)微服务实战」，点击链接即可保存。打开「夸克APP」，无需下载在线播放视频，畅享原画5倍速，支持电视投屏。
链接：https://pan.quark.cn/s/e3a8ec1f0198",,2023-08-18 01:57,193,永久有效
/来自：分享,【开课吧】Web全栈架构师第034期,"我用夸克网盘分享了「【开课吧】Web全栈架构师第034期」，点击链接即可保存。打开「夸克APP」，无需下载在线播放视频，畅享原画5倍速，支持电视投屏。
链接：https://pan.quark.cn/s/8dd02c3fe4b0",,2023-08-17 22:55,346,永久有效
../安卓游戏DIY,【Gacha Life】Gacha 生活,"我用夸克网盘分享了「【Gacha Life】Gacha 生活」，点击链接即可保存。打开「夸克APP」，无需下载在线播放视频，畅享原画5倍速，支持电视投屏。
链接：https://pan.quark.cn/s/42813cd2fe14",,2023-08-17 22:21,117,永久有效
/来自：分享,Excel实战特训班 相见恨晚的100个Excel函数公式 - 8期,"我用夸克网盘分享了「Excel实战特训班 相见恨晚的100个Excel函数公式 - 8期」，点击链接即可保存。打开「夸克APP」，无需下载在线播放视频，畅享原画5倍速，支持电视投屏。
链接：https://pan.quark.cn/s/973ed7bbb5af",,2023-08-17 21:01,413,永久有效
/来自：分享,【imooc-252】Spring Boot2.0深度实践 核心原理拆解+源码分析,"我用夸克网盘分享了「【imooc-252】Spring Boot2.0深度实践 核心原理拆解+源码分析」，点击链接即可保存。打开「夸克APP」，无需下载在线播放视频，畅享原画5倍速，支持电视投屏。
链接：https://pan.quark.cn/s/15165ab5ea21",,2023-08-17 17:55,157,永久有效
../安卓游戏DIY,【Sonic Forces - Running Battle】刺猬索尼克,"我用夸克网盘分享了「【Sonic Forces - Running Battle】刺猬索尼克」，点击链接即可保存。打开「夸克APP」，无需下载在线播放视频，畅享原画5倍速，支持电视投屏。
链接：https://pan.quark.cn/s/9d4d68b5af56",,2023-08-17 15:49,145,永久有效
/来自：分享,【蝉妈妈电商学苑】抖音电商新手起号训练营,"我用夸克网盘分享了「【蝉妈妈电商学苑】抖音电商新手起号训练营」，点击链接即可保存。打开「夸克APP」，无需下载在线播放视频，畅享原画5倍速，支持电视投屏。
链接：https://pan.quark.cn/s/c651d0419251",,2023-08-17 15:27,451,永久有效
/来自：分享,【imooc-237】分布式事务实践，从原理到实例，解决数据一致性,"我用夸克网盘分享了「【imooc-237】分布式事务实践，从原理到实例，解决数据一致性」，点击链接即可保存。打开「夸克APP」，无需下载在线播放视频，畅享原画5倍速，支持电视投屏。
链接：https://pan.quark.cn/s/fef1c734dadb",,2023-08-17 13:18,197,永久有效
/来自：分享,【imooc-177】从天气项目入门Spring Cloud微服务治理,"我用夸克网盘分享了「【imooc-177】从天气项目入门Spring Cloud微服务治理」，点击链接即可保存。打开「夸克APP」，无需下载在线播放视频，畅享原画5倍速，支持电视投屏。
链接：https://pan.quark.cn/s/5416c9356745",,2023-08-16 01:19,233,永久有效
../安卓游戏DIY,【Strategy & War 2 ：Empire War】战略与战争2：帝国战争,"我用夸克网盘分享了「【Strategy & War 2 ：Empire War】战略与战争2：帝国战争」，点击链接即可保存。打开「夸克APP」，无需下载在线播放视频，畅享原画5倍速，支持电视投屏。
链接：https://pan.quark.cn/s/3956d5406f7b",,2023-08-13 17:14,174,永久有效
/来自：分享,【动力节点】多线程下载器项目实战,"我用夸克网盘分享了「【动力节点】多线程下载器项目实战」，点击链接即可保存。打开「夸克APP」，无需下载在线播放视频，畅享原画5倍速，支持电视投屏。
链接：https://pan.quark.cn/s/b7e7be715df2",,2023-08-13 15:58,216,永久有效
/来自：分享,72节课：跟李锐学Excel，从入门到精通,"我用夸克网盘分享了「72节课：跟李锐学Excel，从入门到精通」，点击链接即可保存。打开「夸克APP」，无需下载在线播放视频，畅享原画5倍速，支持电视投屏。
链接：https://pan.quark.cn/s/080c3a0e6da3",,2023-08-13 13:06,365,永久有效
../安卓游戏DIY,【Grim Soul】冷酷的灵魂,"我用夸克网盘分享了「【Grim Soul】冷酷的灵魂」，点击链接即可保存。打开「夸克APP」，无需下载在线播放视频，畅享原画5倍速，支持电视投屏。
链接：https://pan.quark.cn/s/d8a94fa3d505",,2023-08-13 01:32,318,永久有效
/来自：分享,【极客时间-100028901】玩转 webpack,"我用夸克网盘分享了「【极客时间-100028901】玩转 webpack」，点击链接即可保存。打开「夸克APP」，无需下载在线播放视频，畅享原画5倍速，支持电视投屏。
链接：https://pan.quark.cn/s/47d92ded4f6d",,2023-08-12 20:18,205,永久有效
/来自：分享,Excel实战特训班 玩转Excel函数与公式 - 2期,"我用夸克网盘分享了「Excel实战特训班 玩转Excel函数与公式 - 2期」，点击链接即可保存。打开「夸克APP」，无需下载在线播放视频，畅享原画5倍速，支持电视投屏。
链接：https://pan.quark.cn/s/779b2a50a1ae",,2023-08-12 17:03,436,永久有效
/来自：分享,【圣思园】精通SpringBoot Cloud,"我用夸克网盘分享了「【圣思园】精通SpringBoot Cloud」，点击链接即可保存。打开「夸克APP」，无需下载在线播放视频，畅享原画5倍速，支持电视投屏。
链接：https://pan.quark.cn/s/596078054ba7",,2023-08-12 14:02,257,永久有效
/来自：分享,【斯尔教育】会计上岗特训营,"我用夸克网盘分享了「【斯尔教育】会计上岗特训营」，点击链接即可保存。打开「夸克APP」，无需下载在线播放视频，畅享原画5倍速，支持电视投屏。
链接：https://pan.quark.cn/s/66492632c270",,2023-08-12 12:46,601,永久有效
/来自：分享,【imooc-532】WebRTC源码级深度解析，进阶大厂高级音视频开发者,"我用夸克网盘分享了「【imooc-532】WebRTC源码级深度解析，进阶大厂高级音视频开发者」，点击链接即可保存。打开「夸克APP」，无需下载在线播放视频，畅享原画5倍速，支持电视投屏。
链接：https://pan.quark.cn/s/a7723fe5e0aa",,2023-08-12 03:23,244,永久有效
/来自：分享,【imooc-558】测试高薪必学-大厂全链路质量保障体系落地实战,"我用夸克网盘分享了「【imooc-558】测试高薪必学-大厂全链路质量保障体系落地实战」，点击链接即可保存。打开「夸克APP」，无需下载在线播放视频，畅享原画5倍速，支持电视投屏。
链接：https://pan.quark.cn/s/c818c139a7df",,2023-08-11 17:31,320,永久有效
/来自：分享,【开课吧】Web3.0应用工程师培养计划 (2022),"我用夸克网盘分享了「【开课吧】Web3.0应用工程师培养计划 (2022)」，点击链接即可保存。打开「夸克APP」，无需下载在线播放视频，畅享原画5倍速，支持电视投屏。
链接：https://pan.quark.cn/s/330dd866d729",,2023-08-11 16:06,490,永久有效
../安卓游戏DIY,【Rebel Inc.】反叛公司,"我用夸克网盘分享了「【Rebel Inc.】反叛公司」，点击链接即可保存。打开「夸克APP」，无需下载在线播放视频，畅享原画5倍速，支持电视投屏。
链接：https://pan.quark.cn/s/c630bc477806",,2023-08-11 15:53,74,永久有效
/来自：分享,【大讲台】大数据运维尖刀班 - 2期,"我用夸克网盘分享了「【大讲台】大数据运维尖刀班 - 2期」，点击链接即可保存。打开「夸克APP」，无需下载在线播放视频，畅享原画5倍速，支持电视投屏。
链接：https://pan.quark.cn/s/cefacc0b8b5d",,2023-08-11 14:34,376,永久有效
/来自：分享,【imooc-go】Go开发工程师,"我用夸克网盘分享了「【imooc-go】Go开发工程师」，点击链接即可保存。打开「夸克APP」，无需下载在线播放视频，畅享原画5倍速，支持电视投屏。
链接：https://pan.quark.cn/s/56339662edba",,2023-08-11 00:38,586,永久有效
/来自：分享,【imooc-189】系统学习Docker 践行DevOps理念,"我用夸克网盘分享了「【imooc-189】系统学习Docker 践行DevOps理念」，点击链接即可保存。打开「夸克APP」，无需下载在线播放视频，畅享原画5倍速，支持电视投屏。
链接：https://pan.quark.cn/s/3ccef3f8949c",,2023-08-10 23:28,436,永久有效
/来自：分享,【imooc-566】Vue3+TS打造SSR网站应用，0到1实现服务端渲染,"我用夸克网盘分享了「【imooc-566】Vue3+TS打造SSR网站应用，0到1实现服务端渲染」，点击链接即可保存。打开「夸克APP」，无需下载在线播放视频，畅享原画5倍速，支持电视投屏。
链接：https://pan.quark.cn/s/969cb4350794",,2023-08-10 14:34,307,永久有效
/来自：分享,【炼数成金】GPU并行计算与CUDA编程（第三期）,"我用夸克网盘分享了「【炼数成金】GPU并行计算与CUDA编程（第三期）」，点击链接即可保存。打开「夸克APP」，无需下载在线播放视频，畅享原画5倍速，支持电视投屏。
链接：https://pan.quark.cn/s/d6e2c7df6c4c",,2023-08-10 13:13,255,永久有效
/来自：分享,【龙果学院】从无到有构建大型电商微服务亿级架构（第3阶段）,"我用夸克网盘分享了「【龙果学院】从无到有构建大型电商微服务亿级架构（第3阶段）」，点击链接即可保存。打开「夸克APP」，无需下载在线播放视频，畅享原画5倍速，支持电视投屏。
链接：https://pan.quark.cn/s/0bbe7619dd6d",,2023-08-10 11:33,294,永久有效
/来自：分享,【网易云课堂-1001195002】微专业-新媒体视频导演,"我用夸克网盘分享了「【网易云课堂-1001195002】微专业-新媒体视频导演」，点击链接即可保存。打开「夸克APP」，无需下载在线播放视频，畅享原画5倍速，支持电视投屏。
链接：https://pan.quark.cn/s/404d93ef144e",,2023-08-10 01:17,317,永久有效
../安卓游戏DIY,【Mobile Legends：Adventure】移动的传奇：探险之旅,"我用夸克网盘分享了「【Mobile Legends：Adventure】移动的传奇：探险之旅」，点击链接即可保存。打开「夸克APP」，无需下载在线播放视频，畅享原画5倍速，支持电视投屏。
链接：https://pan.quark.cn/s/6b4ceb6df596",,2023-08-09 20:41,61,永久有效
/来自：分享,【龙果学院】从无到有构建大型电商微服务亿级架构（第2阶段）,"我用夸克网盘分享了「【龙果学院】从无到有构建大型电商微服务亿级架构（第2阶段）」，点击链接即可保存。打开「夸克APP」，无需下载在线播放视频，畅享原画5倍速，支持电视投屏。
链接：https://pan.quark.cn/s/ade5a369f83e",,2023-08-09 20:07,281,永久有效
../安卓游戏DIY,【Dungeon Squad】地下城小队,"我用夸克网盘分享了「【Dungeon Squad】地下城小队」，点击链接即可保存。打开「夸克APP」，无需下载在线播放视频，畅享原画5倍速，支持电视投屏。
链接：https://pan.quark.cn/s/c98a5c187507",,2023-08-09 16:55,185,永久有效
/来自：分享,【网易云课堂-1210217810】uni-app实战直播app全栈开发,"我用夸克网盘分享了「【网易云课堂-1210217810】uni-app实战直播app全栈开发」，点击链接即可保存。打开「夸克APP」，无需下载在线播放视频，畅享原画5倍速，支持电视投屏。
链接：https://pan.quark.cn/s/40459a867e7e",,2023-08-09 16:44,310,永久有效
/来自：分享,【腾讯课堂-475219】Kali安全渗透+Web白帽子高级工程师+黑客攻防,"我用夸克网盘分享了「【腾讯课堂-475219】Kali安全渗透+Web白帽子高级工程师+黑客攻防」，点击链接即可保存。打开「夸克APP」，无需下载在线播放视频，畅享原画5倍速，支持电视投屏。
链接：https://pan.quark.cn/s/4950f73b845b",,2023-08-09 12:48,542,永久有效
../腾讯课堂,【腾讯课堂-5829187】小马哥Java分布式架构训练营：第一期Java分布式架构 - 服务治理,"我用夸克网盘分享了「【腾讯课堂-5829187】小马哥Java分布式架构训练营：第一期Java分布式架构 - 服务治理」，点击链接即可保存。打开「夸克APP」，无需下载在线播放视频，畅享原画5倍速，支持电视投屏。
链接：https://pan.quark.cn/s/c22fe619bdfc",,2023-08-09 07:31,355,永久有效
../安卓游戏DIY,【Subway Surfers】地铁跑酷,"我用夸克网盘分享了「【Subway Surfers】地铁跑酷」，点击链接即可保存。打开「夸克APP」，无需下载在线播放视频，畅享原画5倍速，支持电视投屏。
链接：https://pan.quark.cn/s/e0f4ed54d543",,2023-08-09 01:38,1676,永久有效
../安卓游戏DIY,【Soul Knight】,"我用夸克网盘分享了「【Soul Knight】」，点击链接即可保存。打开「夸克APP」，无需下载在线播放视频，畅享原画5倍速，支持电视投屏。
链接：https://pan.quark.cn/s/2089d004a506",,2023-08-09 01:16,1222,永久有效
/来自：分享,【极客时间-100034001】Swift 核心技术与实战,"我用夸克网盘分享了「【极客时间-100034001】Swift 核心技术与实战」，点击链接即可保存。打开「夸克APP」，无需下载在线播放视频，畅享原画5倍速，支持电视投屏。
链接：https://pan.quark.cn/s/8a4d3d50a049",,2023-08-09 00:33,243,永久有效
/来自：分享,【龙果学院】从无到有构建大型电商微服务亿级架构（第1阶段）,"我用夸克网盘分享了「【龙果学院】从无到有构建大型电商微服务亿级架构（第1阶段）」，点击链接即可保存。打开「夸克APP」，无需下载在线播放视频，畅享原画5倍速，支持电视投屏。
链接：https://pan.quark.cn/s/b6a9d4e83a6a",,2023-08-08 17:37,305,永久有效
/来自：分享,【汽车学堂】新能源汽车BMS开发工程师,"我用夸克网盘分享了「【汽车学堂】新能源汽车BMS开发工程师」，点击链接即可保存。打开「夸克APP」，无需下载在线播放视频，畅享原画5倍速，支持电视投屏。
链接：https://pan.quark.cn/s/60f616e14bb2",,2023-08-08 15:24,577,永久有效
/来自：分享,【极客时间-fe3rd】前端进阶训练营 - 01期,"我用夸克网盘分享了「【极客时间-fe3rd】前端进阶训练营 - 01期」，点击链接即可保存。打开「夸克APP」，无需下载在线播放视频，畅享原画5倍速，支持电视投屏。
链接：https://pan.quark.cn/s/c7f45a3b4086",,2023-08-08 13:53,375,永久有效
/来自：分享,【极客时间-100026801】Web 协议详解与抓包实战,"我用夸克网盘分享了「【极客时间-100026801】Web 协议详解与抓包实战」，点击链接即可保存。打开「夸克APP」，无需下载在线播放视频，畅享原画5倍速，支持电视投屏。
链接：https://pan.quark.cn/s/64fd96718b4b",,2023-08-08 11:07,447,永久有效
/来自：分享,【极客时间-100040001】MongoDB 高手课,"我用夸克网盘分享了「【极客时间-100040001】MongoDB 高手课」，点击链接即可保存。打开「夸克APP」，无需下载在线播放视频，畅享原画5倍速，支持电视投屏。
链接：https://pan.quark.cn/s/68548a0b6fd7",,2023-08-08 01:56,252,永久有效
/来自：分享,【后厂理工学院】百度飞桨联合设计双证资深AI实战工程师（CV方向）,"我用夸克网盘分享了「【后厂理工学院】百度飞桨联合设计双证资深AI实战工程师（CV方向）」，点击链接即可保存。打开「夸克APP」，无需下载在线播放视频，畅享原画5倍速，支持电视投屏。
链接：https://pan.quark.cn/s/3d217252ff0e",,2023-08-07 20:08,363,永久有效
/来自：分享,【极客时间-100038001】移动端自动化测试实战,"我用夸克网盘分享了「【极客时间-100038001】移动端自动化测试实战」，点击链接即可保存。打开「夸克APP」，无需下载在线播放视频，畅享原画5倍速，支持电视投屏。
链接：https://pan.quark.cn/s/94b044a06132",,2023-08-07 16:49,246,永久有效
../安卓DIY,【WPS Office】,"我用夸克网盘分享了「【WPS Office】」，点击链接即可保存。打开「夸克APP」，无需下载在线播放视频，畅享原画5倍速，支持电视投屏。
链接：https://pan.quark.cn/s/46551be0d98b",,2023-08-07 15:40,3893,永久有效
/来自：分享,【极客时间-100031401】Spring Boot 与 Kubernetes 云原生微服务实践,"我用夸克网盘分享了「【极客时间-100031401】Spring Boot 与 Kubernetes 云原生微服务实践」，点击链接即可保存。打开「夸克APP」，无需下载在线播放视频，畅享原画5倍速，支持电视投屏。
链接：https://pan.quark.cn/s/71cf4b236995",,2023-08-07 03:36,336,永久有效
../安卓DIY,【微商助手】,"我用夸克网盘分享了「【微商助手】」，点击链接即可保存。打开「夸克APP」，无需下载在线播放视频，畅享原画5倍速，支持电视投屏。
链接：https://pan.quark.cn/s/a45802931007",,2023-08-06 23:06,532,永久有效
/来自：分享,【极客时间-100044601】.NET Core 开发实战,"我用夸克网盘分享了「【极客时间-100044601】.NET Core 开发实战」，点击链接即可保存。打开「夸克APP」，无需下载在线播放视频，畅享原画5倍速，支持电视投屏。
链接：https://pan.quark.cn/s/d926da182bc7",,2023-08-06 22:58,257,永久有效
/来自：分享,【极客时间-100025901】从 0 开发一款 iOS App,"我用夸克网盘分享了「【极客时间-100025901】从 0 开发一款 iOS App」，点击链接即可保存。打开「夸克APP」，无需下载在线播放视频，畅享原画5倍速，支持电视投屏。
链接：https://pan.quark.cn/s/c1ab0b0fb53b",,2023-08-06 17:27,323,永久有效
/来自：分享,【开课吧】Web全栈架构师第004期,"我用夸克网盘分享了「【开课吧】Web全栈架构师第004期」，点击链接即可保存。打开「夸克APP」，无需下载在线播放视频，畅享原画5倍速，支持电视投屏。
链接：https://pan.quark.cn/s/2ab32b148ec6",,2023-08-06 16:20,445,永久有效
/来自：分享,【网易云课堂】微专业-职场人必学的Python技能课,"我用夸克网盘分享了「【网易云课堂】微专业-职场人必学的Python技能课」，点击链接即可保存。打开「夸克APP」，无需下载在线播放视频，畅享原画5倍速，支持电视投屏。
链接：https://pan.quark.cn/s/70f02f94d419",,2023-08-06 14:44,541,永久有效
/来自：分享,【极客时间-100034201】ZooKeeper 实战与源码剖析,"我用夸克网盘分享了「【极客时间-100034201】ZooKeeper 实战与源码剖析」，点击链接即可保存。打开「夸克APP」，无需下载在线播放视频，畅享原画5倍速，支持电视投屏。
链接：https://pan.quark.cn/s/a23eb0f9da18",,2023-08-06 11:46,179,永久有效
/来自：分享,【极客时间-100023501】玩转 Spring 全家桶,"我用夸克网盘分享了「【极客时间-100023501】玩转 Spring 全家桶」，点击链接即可保存。打开「夸克APP」，无需下载在线播放视频，畅享原画5倍速，支持电视投屏。
链接：https://pan.quark.cn/s/989475f7d397",,2023-08-06 02:29,360,永久有效
/来自：分享,【百战程序员】大数据架构师 1905期,"我用夸克网盘分享了「【百战程序员】大数据架构师 1905期」，点击链接即可保存。打开「夸克APP」，无需下载在线播放视频，畅享原画5倍速，支持电视投屏。
链接：https://pan.quark.cn/s/cbf9e7b70f13",,2023-08-06 00:54,446,永久有效
/来自：分享,【腾讯课堂-446413】软件测试之JMeter高级性能测试训练营（别再用loadrunner了）,"我用夸克网盘分享了「【腾讯课堂-446413】软件测试之JMeter高级性能测试训练营（别再用loadrunner了）」，点击链接即可保存。打开「夸克APP」，无需下载在线播放视频，畅享原画5倍速，支持电视投屏。
链接：https://pan.quark.cn/s/a4748f2e05ca",,2023-08-05 21:49,547,永久有效
/来自：分享,【imooc-174】Java从单体到微服务打造房产销售平台,"我用夸克网盘分享了「【imooc-174】Java从单体到微服务打造房产销售平台」，点击链接即可保存。打开「夸克APP」，无需下载在线播放视频，畅享原画5倍速，支持电视投屏。
链接：https://pan.quark.cn/s/7031bd98481d",,2023-08-05 20:16,374,永久有效
/来自：分享,【imooc-548】吃透前端工程化，大厂级实战项目以战带练,"我用夸克网盘分享了「【imooc-548】吃透前端工程化，大厂级实战项目以战带练」，点击链接即可保存。打开「夸克APP」，无需下载在线播放视频，畅享原画5倍速，支持电视投屏。
链接：https://pan.quark.cn/s/16a5a5971048",,2023-08-05 15:46,541,永久有效
/来自：分享,【开课吧】JavaEE企业级分布式高级架构师023期,"我用夸克网盘分享了「【开课吧】JavaEE企业级分布式高级架构师023期」，点击链接即可保存。打开「夸克APP」，无需下载在线播放视频，畅享原画5倍速，支持电视投屏。
链接：https://pan.quark.cn/s/85af1da246df",,2023-08-05 10:58,370,永久有效
/来自：分享,【极客时间-100009801】快速上手 Kotlin 开发,"我用夸克网盘分享了「【极客时间-100009801】快速上手 Kotlin 开发」，点击链接即可保存。打开「夸克APP」，无需下载在线播放视频，畅享原画5倍速，支持电视投屏。
链接：https://pan.quark.cn/s/223c3c87df46",,2023-08-05 02:12,316,永久有效
/来自：分享,【极客时间-100049401】Service Mesh 实战,"我用夸克网盘分享了「【极客时间-100049401】Service Mesh 实战」，点击链接即可保存。打开「夸克APP」，无需下载在线播放视频，畅享原画5倍速，支持电视投屏。
链接：https://pan.quark.cn/s/20d4b7ed9250",,2023-08-04 22:18,191,永久有效
/来自：分享,【极客时间-100036001】Node.js 开发实战,"我用夸克网盘分享了「【极客时间-100036001】Node.js 开发实战」，点击链接即可保存。打开「夸克APP」，无需下载在线播放视频，畅享原画5倍速，支持电视投屏。
链接：https://pan.quark.cn/s/e8708e580a25",,2023-08-04 17:47,331,永久有效
/来自：分享,【极客时间-100046401】NLP 实战高手课,"我用夸克网盘分享了「【极客时间-100046401】NLP 实战高手课」，点击链接即可保存。打开「夸克APP」，无需下载在线播放视频，畅享原画5倍速，支持电视投屏。
链接：https://pan.quark.cn/s/e22f6c15c475",,2023-08-04 14:17,357,永久有效
/来自：分享,【极客时间-100003901】微服务架构核心 20 讲,"我用夸克网盘分享了「【极客时间-100003901】微服务架构核心 20 讲」，点击链接即可保存。打开「夸克APP」，无需下载在线播放视频，畅享原画5倍速，支持电视投屏。
链接：https://pan.quark.cn/s/a604a08cc44d",,2023-08-04 11:11,232,永久有效
/来自：分享,【极客时间-100041001】前端全链路性能优化实战,"我用夸克网盘分享了「【极客时间-100041001】前端全链路性能优化实战」，点击链接即可保存。打开「夸克APP」，无需下载在线播放视频，畅享原画5倍速，支持电视投屏。
链接：https://pan.quark.cn/s/f9bf5fe82075",,2023-08-03 20:21,308,永久有效
/来自：分享,【开课吧】JavaEE企业级分布式高级架构师018期,"我用夸克网盘分享了「【开课吧】JavaEE企业级分布式高级架构师018期」，点击链接即可保存。打开「夸克APP」，无需下载在线播放视频，畅享原画5倍速，支持电视投屏。
链接：https://pan.quark.cn/s/2932770c9ba2",,2023-08-03 17:34,327,永久有效
/来自：分享,【imooc-180】Google资深工程师深度讲解Go语言 由浅入深掌握Go语言,"我用夸克网盘分享了「【imooc-180】Google资深工程师深度讲解Go语言 由浅入深掌握Go语言」，点击链接即可保存。打开「夸克APP」，无需下载在线播放视频，畅享原画5倍速，支持电视投屏。
链接：https://pan.quark.cn/s/e775b4d59cdb",,2023-08-03 14:04,517,永久有效
/来自：分享,【网易云课堂-1212491801】Three.js可视化企业实战WEBGL课,"我用夸克网盘分享了「【网易云课堂-1212491801】Three.js可视化企业实战WEBGL课」，点击链接即可保存。打开「夸克APP」，无需下载在线播放视频，畅享原画5倍速，支持电视投屏。
链接：https://pan.quark.cn/s/85923573ddfe",,2023-08-03 11:12,729,永久有效
/来自：分享,【极客时间-100023001】TensorFlow 快速入门与实战,"我用夸克网盘分享了「【极客时间-100023001】TensorFlow 快速入门与实战」，点击链接即可保存。打开「夸克APP」，无需下载在线播放视频，畅享原画5倍速，支持电视投屏。
链接：https://pan.quark.cn/s/311a6aff09d2",,2023-08-03 00:40,294,永久有效
/来自：分享,【虎课网-ps2021】零基础学习PS(2021-2022)软件,"我用夸克网盘分享了「【虎课网-ps2021】零基础学习PS(2021-2022)软件」，点击链接即可保存。打开「夸克APP」，无需下载在线播放视频，畅享原画5倍速，支持电视投屏。
链接：https://pan.quark.cn/s/6ed629a69f87",,2023-08-02 21:23,563,永久有效
/来自：分享,【lagou-536】22 讲通关 Go 语言,"我用夸克网盘分享了「【lagou-536】22 讲通关 Go 语言」，点击链接即可保存。打开「夸克APP」，无需下载在线播放视频，畅享原画5倍速，支持电视投屏。
链接：https://pan.quark.cn/s/5bb2c500b8e3",,2023-08-02 17:54,391,永久有效
/来自：分享,【天善智能】Python数据科学-技术详解与商业实践（八大案例，配套书籍）,"我用夸克网盘分享了「【天善智能】Python数据科学-技术详解与商业实践（八大案例，配套书籍）」，点击链接即可保存。打开「夸克APP」，无需下载在线播放视频，畅享原画5倍速，支持电视投屏。
链接：https://pan.quark.cn/s/afd27f61bd92",,2023-08-02 15:33,447,永久有效
/来自：分享,【imooc-469】Go+Python打造电商系统 自研微服务框架 抓紧高薪机遇,"我用夸克网盘分享了「【imooc-469】Go+Python打造电商系统 自研微服务框架 抓紧高薪机遇」，点击链接即可保存。打开「夸克APP」，无需下载在线播放视频，畅享原画5倍速，支持电视投屏。
链接：https://pan.quark.cn/s/4a66bc7c37d3",,2023-08-02 11:07,448,永久有效
/来自：分享,【极客时间-100055001】Web安全攻防实战,"我用夸克网盘分享了「【极客时间-100055001】Web安全攻防实战」，点击链接即可保存。打开「夸克APP」，无需下载在线播放视频，畅享原画5倍速，支持电视投屏。
链接：https://pan.quark.cn/s/a1765ac346b4",,2023-08-02 00:41,386,永久有效
/来自：分享,【极客时间-100032201】TypeScript 开发实战,"我用夸克网盘分享了「【极客时间-100032201】TypeScript 开发实战」，点击链接即可保存。打开「夸克APP」，无需下载在线播放视频，畅享原画5倍速，支持电视投屏。
链接：https://pan.quark.cn/s/59804454ee31",,2023-08-01 22:33,311,永久有效
/来自：分享,【腾讯课堂-320021】Python DevOps运维开发实战集训营【中级班】 - 4期,"我用夸克网盘分享了「【腾讯课堂-320021】Python DevOps运维开发实战集训营【中级班】 - 4期」，点击链接即可保存。打开「夸克APP」，无需下载在线播放视频，畅享原画5倍速，支持电视投屏。
链接：https://pan.quark.cn/s/238dd1462f3e",,2023-08-01 16:00,603,永久有效
/来自：分享,【路飞学城】爬虫开发+APP逆向超级大神班-03期,"我用夸克网盘分享了「【路飞学城】爬虫开发+APP逆向超级大神班-03期」，点击链接即可保存。打开「夸克APP」，无需下载在线播放视频，畅享原画5倍速，支持电视投屏。
链接：https://pan.quark.cn/s/398de0fe33c1",,2023-08-01 14:50,633,永久有效
/来自：分享,【极客时间-100052401】微信小程序全栈开发实战,"我用夸克网盘分享了「【极客时间-100052401】微信小程序全栈开发实战」，点击链接即可保存。打开「夸克APP」，无需下载在线播放视频，畅享原画5倍速，支持电视投屏。
链接：https://pan.quark.cn/s/cd5a509f873d",,2023-08-01 01:53,587,永久有效
/来自：分享,《抖音商业模型解决·方案培训》个人·零售商·服务商·生产商·农商,"我用夸克网盘分享了「《抖音商业模型解决·方案培训》个人·零售商·服务商·生产商·农商」，点击链接即可保存。打开「夸克APP」，无需下载在线播放视频，畅享原画5倍速，支持电视投屏。
链接：https://pan.quark.cn/s/f4490b139274",,2023-07-31 21:26,386,永久有效
/来自：分享,【网易云课堂-1002828001】Excel Power Pivot建模分析_进阶,"我用夸克网盘分享了「【网易云课堂-1002828001】Excel Power Pivot建模分析_进阶」，点击链接即可保存。打开「夸克APP」，无需下载在线播放视频，畅享原画5倍速，支持电视投屏。
链接：https://pan.quark.cn/s/4a4bd213d383",,2023-07-31 16:43,217,永久有效
/来自：分享,【希赛网】2022年系统架构设计师 + 架构冲刺班,"我用夸克网盘分享了「【希赛网】2022年系统架构设计师 + 架构冲刺班」，点击链接即可保存。打开「夸克APP」，无需下载在线播放视频，畅享原画5倍速，支持电视投屏。
链接：https://pan.quark.cn/s/100269844e32",,2023-07-31 13:56,688,永久有效
/来自：分享,【开课吧】大数据分析全栈工程师016期,"我用夸克网盘分享了「【开课吧】大数据分析全栈工程师016期」，点击链接即可保存。打开「夸克APP」，无需下载在线播放视频，畅享原画5倍速，支持电视投屏。
链接：https://pan.quark.cn/s/f091eef8e114",,2023-07-31 11:11,494,永久有效
/来自：分享,【奈学科技】Java资深研发工程师02期,"我用夸克网盘分享了「【奈学科技】Java资深研发工程师02期」，点击链接即可保存。打开「夸克APP」，无需下载在线播放视频，畅享原画5倍速，支持电视投屏。
链接：https://pan.quark.cn/s/007524070493",,2023-07-31 01:24,446,永久有效
/来自：分享,【imooc-612】PyTorch深度学习开发医学影像端到端判别项目,"我用夸克网盘分享了「【imooc-612】PyTorch深度学习开发医学影像端到端判别项目」，点击链接即可保存。打开「夸克APP」，无需下载在线播放视频，畅享原画5倍速，支持电视投屏。
链接：https://pan.quark.cn/s/7ab9aa5ebfad",,2023-07-30 20:53,375,永久有效
/来自：分享,【imooc-589】算法与数据结构高手养成-求职提升特训课,"我用夸克网盘分享了「【imooc-589】算法与数据结构高手养成-求职提升特训课」，点击链接即可保存。打开「夸克APP」，无需下载在线播放视频，畅享原画5倍速，支持电视投屏。
链接：https://pan.quark.cn/s/07092debc4e5",,2023-07-30 16:41,545,永久有效
/来自：分享,【推易电商】2023年短视频直播玩法录制课程（新）,"我用夸克网盘分享了「【推易电商】2023年短视频直播玩法录制课程（新）」，点击链接即可保存。打开「夸克APP」，无需下载在线播放视频，畅享原画5倍速，支持电视投屏。
链接：https://pan.quark.cn/s/d1deb7417ad9",,2023-07-30 15:24,401,永久有效
/来自：分享,【得到】高效学习训练营,"我用夸克网盘分享了「【得到】高效学习训练营」，点击链接即可保存。打开「夸克APP」，无需下载在线播放视频，畅享原画5倍速，支持电视投屏。
链接：https://pan.quark.cn/s/bd308100747d",,2023-07-30 14:40,677,永久有效
/来自：分享,【腾讯课堂-3026268】22天勤率辉考研操作系统全程班,"我用夸克网盘分享了「【腾讯课堂-3026268】22天勤率辉考研操作系统全程班」，点击链接即可保存。打开「夸克APP」，无需下载在线播放视频，畅享原画5倍速，支持电视投屏。
链接：https://pan.quark.cn/s/1dc2b57fac36",,2023-07-30 01:27,214,永久有效
/来自：分享,网红叫兽-连怼打爆蓝海单品短视频带货好物分享实战课,"我用夸克网盘分享了「网红叫兽-连怼打爆蓝海单品短视频带货好物分享实战课」，点击链接即可保存。打开「夸克APP」，无需下载在线播放视频，畅享原画5倍速，支持电视投屏。
链接：https://pan.quark.cn/s/dc8dbf9f21fc",,2023-07-29 22:40,328,永久有效
/来自：分享,抖音同城生活素人成长特训营，0-1实战落地，方法技巧、实战应用、案例解析,"我用夸克网盘分享了「抖音同城生活素人成长特训营，0-1实战落地，方法技巧、实战应用、案例解析」，点击链接即可保存。打开「夸克APP」，无需下载在线播放视频，畅享原画5倍速，支持电视投屏。
链接：https://pan.quark.cn/s/87cd4d88a929",,2023-07-29 12:40,348,永久有效
/来自：分享,寒冰·搜索体系实操课程，淘系新品快速启动免费搜索流量核心实操体系,"我用夸克网盘分享了「寒冰·搜索体系实操课程，淘系新品快速启动免费搜索流量核心实操体系」，点击链接即可保存。打开「夸克APP」，无需下载在线播放视频，畅享原画5倍速，支持电视投屏。
链接：https://pan.quark.cn/s/7a120a86bf7b",,2023-07-28 21:41,214,永久有效
/来自：分享,宋大大影摄实战教学，不会摄影的尴尬，解决会用相机,"我用夸克网盘分享了「宋大大影摄实战教学，不会摄影的尴尬，解决会用相机」，点击链接即可保存。打开「夸克APP」，无需下载在线播放视频，畅享原画5倍速，支持电视投屏。
链接：https://pan.quark.cn/s/c596bd881af7",,2023-07-28 16:57,416,永久有效
/来自：分享,抖音同城生活-健康垂类0到1运营：入驻-暴力起号-规则篇-消费直播篇！,"我用夸克网盘分享了「抖音同城生活-健康垂类0到1运营：入驻-暴力起号-规则篇-消费直播篇！」，点击链接即可保存。打开「夸克APP」，无需下载在线播放视频，畅享原画5倍速，支持电视投屏。
链接：https://pan.quark.cn/s/49f407f312a7",,2023-07-28 13:37,311,永久有效
/来自：分享,嗝姐小乔·23年系列课多多运营从0到1，​掌握电商运营技巧，学会合理运营链接，活动、推广等流程,"我用夸克网盘分享了「嗝姐小乔·23年系列课多多运营从0到1，​掌握电商运营技巧，学会合理运营链接，活动、推广等流程」，点击链接即可保存。打开「夸克APP」，无需下载在线播放视频，畅享原画5倍速，支持电视投屏。
链接：https://pan.quark.cn/s/35c6622633eb",,2023-07-28 11:01,336,永久有效
/来自：分享,【路飞学城】爬虫开发+APP逆向超级大神班-05期,"我用夸克网盘分享了「【路飞学城】爬虫开发+APP逆向超级大神班-05期」，点击链接即可保存。打开「夸克APP」，无需下载在线播放视频，畅享原画5倍速，支持电视投屏。
链接：https://pan.quark.cn/s/3ea2090c286f",,2023-07-27 21:37,1258,永久有效
/来自：分享,【腾讯课堂-3026272】22天勤率辉考研计算机网络全程班,"我用夸克网盘分享了「【腾讯课堂-3026272】22天勤率辉考研计算机网络全程班」，点击链接即可保存。打开「夸克APP」，无需下载在线播放视频，畅享原画5倍速，支持电视投屏。
链接：https://pan.quark.cn/s/71eaaa7e7d5b",,2023-07-27 16:29,265,永久有效
/来自：分享,抖名星商学院：带货短视频文案脚本公式进阶班,"我用夸克网盘分享了「抖名星商学院：带货短视频文案脚本公式进阶班」，点击链接即可保存。打开「夸克APP」，无需下载在线播放视频，畅享原画5倍速，支持电视投屏。
链接：https://pan.quark.cn/s/89f1c7be2fa8",,2023-07-27 15:44,499,永久有效
/来自：分享,张越·短视频+直播，自然流三频共振起号实操课,"我用夸克网盘分享了「张越·短视频+直播，自然流三频共振起号实操课」，点击链接即可保存。打开「夸克APP」，无需下载在线播放视频，畅享原画5倍速，支持电视投屏。
链接：https://pan.quark.cn/s/4f89828890f2",,2023-07-27 11:30,506,永久有效
/来自：分享,2023抖音千川运营训练营，起号期+增长期 的搭建计划详细实战课！,"我用夸克网盘分享了「2023抖音千川运营训练营，起号期+增长期 的搭建计划详细实战课！」，点击链接即可保存。打开「夸克APP」，无需下载在线播放视频，畅享原画5倍速，支持电视投屏。
链接：https://pan.quark.cn/s/183656dd5358",,2023-07-26 23:58,595,永久有效
../安卓DIY,【ImageSearchMan】,"我用夸克网盘分享了「【ImageSearchMan】」，点击链接即可保存。打开「夸克APP」，无需下载在线播放视频，畅享原画5倍速，支持电视投屏。
链接：https://pan.quark.cn/s/b7eedae85ab7",,2023-07-26 22:02,69,永久有效
/来自：分享,1688诚信通运营精英班，17节课让新手快速掌握阿里巴巴诚信通店铺运营,"我用夸克网盘分享了「1688诚信通运营精英班，17节课让新手快速掌握阿里巴巴诚信通店铺运营」，点击链接即可保存。打开「夸克APP」，无需下载在线播放视频，畅享原画5倍速，支持电视投屏。
链接：https://pan.quark.cn/s/73fa1730fec4",,2023-07-26 16:16,287,永久有效
../安卓DIY,【Lj 视频下载器】,"我用夸克网盘分享了「【Lj 视频下载器】」，点击链接即可保存。打开「夸克APP」，无需下载在线播放视频，畅享原画5倍速，支持电视投屏。
链接：https://pan.quark.cn/s/29e9f44f1c7a",,2023-07-26 13:36,473,永久有效
/来自：分享,【imooc-628】RN从0到1系统精讲与小红书APP实战（2023版）,"我用夸克网盘分享了「【imooc-628】RN从0到1系统精讲与小红书APP实战（2023版）」，点击链接即可保存。打开「夸克APP」，无需下载在线播放视频，畅享原画5倍速，支持电视投屏。
链接：https://pan.quark.cn/s/6f3ec911eb79",,2023-07-26 11:39,704,永久有效
/来自：分享,彬彬很靠谱·抖音带货视频实操投流，手把手教学，提升短视频效能，拉动销售额增长,"我用夸克网盘分享了「彬彬很靠谱·抖音带货视频实操投流，手把手教学，提升短视频效能，拉动销售额增长」，点击链接即可保存。打开「夸克APP」，无需下载在线播放视频，畅享原画5倍速，支持电视投屏。
链接：https://pan.quark.cn/s/d0fd12b9c4bc",,2023-07-26 09:08,435,永久有效
/来自：分享,地产人何老师从0-1引爆抖音流量地产行业0费获客实操课,"我用夸克网盘分享了「地产人何老师从0-1引爆抖音流量地产行业0费获客实操课」，点击链接即可保存。打开「夸克APP」，无需下载在线播放视频，畅享原画5倍速，支持电视投屏。
链接：https://pan.quark.cn/s/d27a6607ff9b",,2023-07-26 00:57,342,永久有效
../安卓DIY,【IG Downloader】,"我用夸克网盘分享了「【IG Downloader】」，点击链接即可保存。打开「夸克APP」，无需下载在线播放视频，畅享原画5倍速，支持电视投屏。
链接：https://pan.quark.cn/s/13a87d74ca0c",,2023-07-25 21:30,110,永久有效
/来自：分享,亚伦哥的短视频运营课,"我用夸克网盘分享了「亚伦哥的短视频运营课」，点击链接即可保存。打开「夸克APP」，无需下载在线播放视频，畅享原画5倍速，支持电视投屏。
链接：https://pan.quark.cn/s/823b927bab8d",,2023-07-25 15:38,711,永久有效
/来自：分享,服装行业流量爆发营，从0-1抖音快速起号解决实体流量问题！,"我用夸克网盘分享了「服装行业流量爆发营，从0-1抖音快速起号解决实体流量问题！」，点击链接即可保存。打开「夸克APP」，无需下载在线播放视频，畅享原画5倍速，支持电视投屏。
链接：https://pan.quark.cn/s/0dd637dcdffa",,2023-07-25 14:45,432,永久有效
../安卓DIY,【XPlayer】,"我用夸克网盘分享了「【XPlayer】」，点击链接即可保存。打开「夸克APP」，无需下载在线播放视频，畅享原画5倍速，支持电视投屏。
链接：https://pan.quark.cn/s/3f013842614b",,2023-07-25 14:11,2304,永久有效
/来自：分享,天祥电商·《0基础抖音小店运营实战课》新手开店设置全流程，截流选品玩法技术,"我用夸克网盘分享了「天祥电商·《0基础抖音小店运营实战课》新手开店设置全流程，截流选品玩法技术」，点击链接即可保存。打开「夸克APP」，无需下载在线播放视频，畅享原画5倍速，支持电视投屏。
链接：https://pan.quark.cn/s/92d3d7d07090",,2023-07-25 13:17,1185,永久有效
/来自：分享,中神通·如何套模板打开播放量，短视频必学课,"我用夸克网盘分享了「中神通·如何套模板打开播放量，短视频必学课」，点击链接即可保存。打开「夸克APP」，无需下载在线播放视频，畅享原画5倍速，支持电视投屏。
链接：https://pan.quark.cn/s/7579f35a8cf2",,2023-07-25 08:24,589,永久有效
../安卓DIY,【Persona】,"我用夸克网盘分享了「【Persona】」，点击链接即可保存。打开「夸克APP」，无需下载在线播放视频，畅享原画5倍速，支持电视投屏。
链接：https://pan.quark.cn/s/9b83bff686aa",,2023-07-24 21:45,117,永久有效
../安卓DIY,【一木记账】,"我用夸克网盘分享了「【一木记账】」，点击链接即可保存。打开「夸克APP」，无需下载在线播放视频，畅享原画5倍速，支持电视投屏。
链接：https://pan.quark.cn/s/a583a657b2f5",,2023-07-24 21:34,341,永久有效
/来自：分享,抖名星商学院：直播带货操盘手特训班,"我用夸克网盘分享了「抖名星商学院：直播带货操盘手特训班」，点击链接即可保存。打开「夸克APP」，无需下载在线播放视频，畅享原画5倍速，支持电视投屏。
链接：https://pan.quark.cn/s/f5df8e320b8e",,2023-07-24 17:36,643,永久有效
/来自：分享,数据哥《抖音运营综合实操课》短视频本地生活、个人IP、带货、知识付费,"我用夸克网盘分享了「数据哥《抖音运营综合实操课》短视频本地生活、个人IP、带货、知识付费」，点击链接即可保存。打开「夸克APP」，无需下载在线播放视频，畅享原画5倍速，支持电视投屏。
链接：https://pan.quark.cn/s/832e1950af8b",,2023-07-24 16:07,1268,永久有效
../安卓DIY,【AndroVid】,"我用夸克网盘分享了「【AndroVid】」，点击链接即可保存。打开「夸克APP」，无需下载在线播放视频，畅享原画5倍速，支持电视投屏。
链接：https://pan.quark.cn/s/e96678a6e297",,2023-07-24 14:12,43,永久有效
../安卓DIY,【FamilyGo】,"我用夸克网盘分享了「【FamilyGo】」，点击链接即可保存。打开「夸克APP」，无需下载在线播放视频，畅享原画5倍速，支持电视投屏。
链接：https://pan.quark.cn/s/73ca50336b81",,2023-07-24 14:05,95,永久有效
/来自：分享,【B站-BV1Yq4y1p7wJ】AE+PR+C4D教程1000集，B站最全面最用心AE+PR+C4教程,"我用夸克网盘分享了「【B站-BV1Yq4y1p7wJ】AE+PR+C4D教程1000集，B站最全面最用心AE+PR+C4教程」，点击链接即可保存。打开「夸克APP」，无需下载在线播放视频，畅享原画5倍速，支持电视投屏。
链接：https://pan.quark.cn/s/4744c6044633",,2023-07-24 14:02,1407,永久有效
/来自：分享,卡思学苑-同城门店抖音获课引流实战班-抖音电商培训教程,"我用夸克网盘分享了「卡思学苑-同城门店抖音获课引流实战班-抖音电商培训教程」，点击链接即可保存。打开「夸克APP」，无需下载在线播放视频，畅享原画5倍速，支持电视投屏。
链接：https://pan.quark.cn/s/a930f031241f",,2023-07-24 11:09,599,永久有效
/来自：分享,B站-英语零基础直达六级（从头开始学英语）,"我用夸克网盘分享了「B站-英语零基础直达六级（从头开始学英语）」，点击链接即可保存。打开「夸克APP」，无需下载在线播放视频，畅享原画5倍速，支持电视投屏。
链接：https://pan.quark.cn/s/91a9440ff7b5",,2023-07-24 00:42,2226,永久有效
../安卓DIY,【CCleaner】,"我用夸克网盘分享了「【CCleaner】」，点击链接即可保存。打开「夸克APP」，无需下载在线播放视频，畅享原画5倍速，支持电视投屏。
链接：https://pan.quark.cn/s/2472edae9b87",,2023-07-23 22:56,728,永久有效
/来自：分享,直播流量底层逻辑密码：直播间快速起飞的秘诀，轻松上热门,"我用夸克网盘分享了「直播流量底层逻辑密码：直播间快速起飞的秘诀，轻松上热门」，点击链接即可保存。打开「夸克APP」，无需下载在线播放视频，畅享原画5倍速，支持电视投屏。
链接：https://pan.quark.cn/s/d57223326ae5",,2023-07-23 22:37,504,永久有效
/来自：分享,【尚硅谷】IDE中配置Maven&Git,"我用夸克网盘分享了「【尚硅谷】IDE中配置Maven&Git」，点击链接即可保存。打开「夸克APP」，无需下载在线播放视频，畅享原画5倍速，支持电视投屏。
链接：https://pan.quark.cn/s/045636ceef49",,2023-07-23 17:41,211,永久有效
../安卓DIY,【InShot】,"我用夸克网盘分享了「【InShot】」，点击链接即可保存。打开「夸克APP」，无需下载在线播放视频，畅享原画5倍速，支持电视投屏。
链接：https://pan.quark.cn/s/0b9890dedd1c",,2023-07-23 16:34,607,永久有效
/来自：分享,【imooc-304】（新升级）RN入门到进阶，打造高质量上线App,"我用夸克网盘分享了「【imooc-304】（新升级）RN入门到进阶，打造高质量上线App」，点击链接即可保存。打开「夸克APP」，无需下载在线播放视频，畅享原画5倍速，支持电视投屏。
链接：https://pan.quark.cn/s/d2543eef02ce",,2023-07-23 16:17,272,永久有效
/来自：分享,星壹短视频系统课：一次性搞懂短视频,"我用夸克网盘分享了「星壹短视频系统课：一次性搞懂短视频」，点击链接即可保存。打开「夸克APP」，无需下载在线播放视频，畅享原画5倍速，支持电视投屏。
链接：https://pan.quark.cn/s/3cb9acc50b89",,2023-07-23 15:17,907,永久有效
/来自：分享,【百聚汇】TikTok跨境短视频零基础到精通网赚变现课,"我用夸克网盘分享了「【百聚汇】TikTok跨境短视频零基础到精通网赚变现课」，点击链接即可保存。打开「夸克APP」，无需下载在线播放视频，畅享原画5倍速，支持电视投屏。
链接：https://pan.quark.cn/s/c3cd36c26673",,2023-07-23 14:19,1374,永久有效
/来自：分享,tiktok投流实操课：掌握tiktok投流底层逻辑+独家TK投流玩法月GMV百万美金,"我用夸克网盘分享了「tiktok投流实操课：掌握tiktok投流底层逻辑+独家TK投流玩法月GMV百万美金」，点击链接即可保存。打开「夸克APP」，无需下载在线播放视频，畅享原画5倍速，支持电视投屏。
链接：https://pan.quark.cn/s/b1b55a648d67",,2023-07-23 02:23,655,永久有效
/来自：分享,闲鱼大流量联盟玩法 - 2期,"我用夸克网盘分享了「闲鱼大流量联盟玩法 - 2期」，点击链接即可保存。打开「夸克APP」，无需下载在线播放视频，畅享原画5倍速，支持电视投屏。
链接：https://pan.quark.cn/s/f7bec7a9beea",,2023-07-23 00:55,859,永久有效
/来自：分享,【51CTO-13912】C++ 设计模式理论与实战大全,"我用夸克网盘分享了「【51CTO-13912】C++ 设计模式理论与实战大全」，点击链接即可保存。打开「夸克APP」，无需下载在线播放视频，畅享原画5倍速，支持电视投屏。
链接：https://pan.quark.cn/s/8d8ef448c17e",,2023-07-22 23:36,520,永久有效
/来自：分享,母婴行业短视频运营：教你写个吸引人的标题，45节课+45个方法,"我用夸克网盘分享了「母婴行业短视频运营：教你写个吸引人的标题，45节课+45个方法」，点击链接即可保存。打开「夸克APP」，无需下载在线播放视频，畅享原画5倍速，支持电视投屏。
链接：https://pan.quark.cn/s/61001273b525",,2023-07-22 22:39,522,永久有效
/来自：分享,美业短视频训练营，适合美业人、以及美业老板，创业女性、宝妈,"我用夸克网盘分享了「美业短视频训练营，适合美业人、以及美业老板，创业女性、宝妈」，点击链接即可保存。打开「夸克APP」，无需下载在线播放视频，畅享原画5倍速，支持电视投屏。
链接：https://pan.quark.cn/s/578f989ae89d",,2023-07-22 17:18,450,永久有效
../安卓DIY,【TikTok】,"我用夸克网盘分享了「【TikTok】」，点击链接即可保存。打开「夸克APP」，无需下载在线播放视频，畅享原画5倍速，支持电视投屏。
链接：https://pan.quark.cn/s/a46fbb7c9b38",,2023-07-22 10:31,8619,永久有效
/来自：分享,餐饮行业利用短视频招学员招商+餐饮店利用团购拓客 全方面讲解(两套教程),"我用夸克网盘分享了「餐饮行业利用短视频招学员招商+餐饮店利用团购拓客 全方面讲解(两套教程)」，点击链接即可保存。打开「夸克APP」，无需下载在线播放视频，畅享原画5倍速，支持电视投屏。
链接：https://pan.quark.cn/s/b986cbd445df",,2023-07-22 10:26,514,永久有效
/来自：分享,【站酷学习】用手机拍摄专业级视频短片,"我用夸克网盘分享了「【站酷学习】用手机拍摄专业级视频短片」，点击链接即可保存。打开「夸克APP」，无需下载在线播放视频，畅享原画5倍速，支持电视投屏。
链接：https://pan.quark.cn/s/3e9bdd6c83e1",,2023-07-21 16:56,778,永久有效
/来自：分享,视频号批量搬运实战操作运营赚钱教程，傻瓜式批量制作高质量内容,"我用夸克网盘分享了「视频号批量搬运实战操作运营赚钱教程，傻瓜式批量制作高质量内容」，点击链接即可保存。打开「夸克APP」，无需下载在线播放视频，畅享原画5倍速，支持电视投屏。
链接：https://pan.quark.cn/s/e7c9e55304e2",,2023-07-21 13:47,1376,永久有效
../安卓DIY,【迅雷】,"我用夸克网盘分享了「【迅雷】」，点击链接即可保存。打开「夸克APP」，无需下载在线播放视频，畅享原画5倍速，支持电视投屏。
链接：https://pan.quark.cn/s/a3dfc9e90034",,2023-07-21 10:22,844,永久有效
/来自：分享,透透糖账号登顶预备营，高手账号打造密码，普通人学会做抖音的必学课程,"我用夸克网盘分享了「透透糖账号登顶预备营，高手账号打造密码，普通人学会做抖音的必学课程」，点击链接即可保存。打开「夸克APP」，无需下载在线播放视频，畅享原画5倍速，支持电视投屏。
链接：https://pan.quark.cn/s/9968a0fc4dcd",,2023-07-21 09:56,759,永久有效
/来自：分享,陈知道-直播赋能入门课,"我用夸克网盘分享了「陈知道-直播赋能入门课」，点击链接即可保存。打开「夸克APP」，无需下载在线播放视频，畅享原画5倍速，支持电视投屏。
链接：https://pan.quark.cn/s/3e452d22cd14",,2023-07-20 23:57,541,永久有效
../安卓DIY,【幕布】,"我用夸克网盘分享了「【幕布】」，点击链接即可保存。打开「夸克APP」，无需下载在线播放视频，畅享原画5倍速，支持电视投屏。
链接：https://pan.quark.cn/s/e616a488ac20",,2023-07-20 22:59,181,永久有效
../1,2023抖店·起店新玩法，店铺基础搭建，选类目和单品的方法，单品打造模式,"我用夸克网盘分享了「2023抖店·起店新玩法，店铺基础搭建，选类目和单品的方法，单品打造模式」，点击链接即可保存。打开「夸克APP」，无需下载在线播放视频，畅享原画5倍速，支持电视投屏。
链接：https://pan.quark.cn/s/73ebac2550ab",,2023-07-20 22:39,1020,永久有效
